Barcode,TSNE-1,TSNE-2
AAACAAGTATCTCCCA-1,-9.569116594161938,9.945156138290704
AAACCTAAGCAGCCGG-1,12.354365019600996,1.021582957572353
AAACGAGACGGTTGAT-1,-7.556256009910656,-11.259240636844927
AAACGGGCGTACGGGT-1,15.959072977485535,8.729666511396983
AAACGGTTGCGAACTG-1,-1.5166714187806807,2.5320749070421122
AAACTCGGTTCGCAAT-1,24.4002242996029,1.401543057053809
AAACTGCTGGCTCCAA-1,8.328530198364698,-6.230421204006821
AAAGGCTACGGACCAT-1,15.58022215893627,7.211437350541292
AAAGGCTCTCGCGCCG-1,18.079621691464844,-1.0622962830682792
AAAGGGATGTAGCAAG-1,3.265936298287632,6.778424000688715
AAAGTGTGATTTATCT-1,-12.259588139181233,-9.667669814582672
AAAGTTGACTCCCGTA-1,-6.564178992679463,-4.270276347486247
AAATACCTATAAGCAT-1,-8.549127858370872,-8.197135371283991
AAATAGGGTGCTATTG-1,-15.263322128453293,-9.404933282229088
AAATCCGATACACGCC-1,-0.642397552552144,-5.843122181771789
AAATCGTGTACCACAA-1,-21.2949607083398,-6.914052265924622
AAATGGTCAATGTGCC-1,0.3039677127346528,5.666293567568657
AAATTAACGGGTAGCT-1,-16.86795155817278,-1.1759604554109437
AAATTACCTATCGATG-1,-3.8322889475866964,-11.614978714818465
AACACACGCTCGCCGC-1,-7.837205843869094,11.02422476534101
AACCCTACTGTCAATA-1,-9.131052746094639,0.8594906622482604
AACCGAGCTTGGTCAT-1,14.53760205519033,-7.028492604563334
AACCGCTAAGGGATGC-1,-9.00199390886939,10.738347660040601
AACCTCGCTTTAGCCC-1,3.338715381653255,-5.364480047190847
AACCTTTAAATACGGT-1,-13.704843533769646,-5.36108622699419
AACGATAATGCCGTAG-1,-1.0926378503110306,-8.413279874416705
AACGATATGTCAACTG-1,-11.373745909101446,2.256912448269853
AACGCGACCTTGGGCG-1,12.900810823799274,14.01462442249309
AACGCGGTCTCCAGCC-1,20.411611557013515,7.0791359339524
AACGGACGTACGTATA-1,-9.104414228140854,0.3747873815542027
AACGTGCGAAAGTCTC-1,-6.7267228107589245,-9.49484516641861
AACTAGGCTTGGGTGT-1,16.009614967461477,-0.8872761163802383
AACTCAAGTTAATTGC-1,-3.157516121361299,13.086902045234552
AACTCTCAATAGAGCG-1,-7.948419910893878,-5.474788659836377
AACTGGGTCCCGACGT-1,20.341257625121937,7.136407407368443
AAGACCCAACTGAACA-1,-4.565345916572806,8.955474686686685
AAGACTGCAAGCTACT-1,-0.637208074585074,-2.2814037565891723
AAGAGCTCTTTATCGG-1,-8.171917903116357,-13.634476922635535
AAGAGGCATGGATCGC-1,-7.461801528037385,-22.93597889115642
AAGAGGCCCTTTGGAA-1,-8.444368985004948,11.171336286179097
AAGATTGGCGGAACGT-1,3.972903823919026,-1.9003474084556808
AAGCACCCTGCGTATC-1,17.609758316967234,-5.589826140451766
AAGCATACTCTCCTGA-1,16.641601896732038,-10.514585479844778
AAGCGCAGGGCTTTGA-1,22.935234429714225,11.237788687830792
AAGCTAGATCGAGTAA-1,7.068187953783338,-8.1687030661486
AAGCTCGTGCCAAGTC-1,1.1806882132559908,-4.452621669955482
AAGCTCTTTCATGGTG-1,26.198239556898752,6.494401930809093
AAGGAGCGGTTGGTGC-1,-6.801120194274672,13.364262756547888
AAGGATGAGGGACCTC-1,-12.515221959429052,-8.814881820240139
AAGGCTGTGCTCATCG-1,15.563271666980318,10.866025052421097
AAGGGACAGATTCTGT-1,6.382414967103167,-9.525425442450413
AAGGTATCCTAATATA-1,-13.4020620197444,-6.545756637868271
AAGGTGATAAACCAGC-1,-15.203504257055405,-2.7567289961782158
AAGTCAATTGTCGTCA-1,-10.410157107345462,1.115410735076498
AAGTGCCTTGACTGTA-1,7.399936038425183,10.439138037256203
AAGTGTTTGGAGACGG-1,-6.474228271595482,-9.710045841812853
AAGTTCACTCCAAGCT-1,-1.9183439511107263,0.6846053629965814
AAGTTTATGGGCCCAA-1,21.699290486943777,3.396628800282531
AATAGAATCTGTTTCA-1,-9.389002576340234,4.89896401163048
AATAGTCCGTCCCGAC-1,9.993887128953943,10.139475519116136
AATCGCCTCAGCGCCA-1,-9.585308613627499,-22.67388324310719
AATCGTGAGCCGAGCA-1,22.51564340260584,1.3803069962539285
AATCTGCGTTGGGACG-1,-6.474838614109017,-13.336716205752818
AATGACGTAGGATGTC-1,-23.00392440529616,-6.161914887223166
AATGATGATACGCTAT-1,11.821987324008042,10.610383640444228
AATGCAACCGGGTACC-1,4.143996561806002,11.095439058584164
AATTAAAGGTCGGCGT-1,-0.8387240333083229,-2.406626971444415
AATTAACGGATTTCCA-1,-1.700085781780567,-11.849937531706844
AATTAGCGCTGCAGCG-1,-0.5494584465535498,-3.4237418982931853
AATTCATAAGGGATCT-1,11.759731823611903,2.9700894203808192
AATTCCAAGCATGTAC-1,11.864980285823576,-7.21946985540228
AATTCGATTCGAGGAT-1,-5.495611741578802,1.9918289791671282
AATTCTAGAGTTAGGC-1,10.117929766241023,9.0013538162656
AATTGAACGCTCTGGT-1,-20.074222339008415,-5.518873014530114
AATTGCAGCAATCGAC-1,-9.210700658501175,19.74787469394697
ACAAAGCATGACCTAG-1,-5.683848923050931,16.439152355258823
ACAAATCGCACCGAAT-1,-6.558760833646004,-4.686967637901213
ACAAATGGTAGTGTTT-1,-22.480067124501534,-4.921007821871808
ACAACAGCATGAGCTA-1,-2.2336014813996257,-9.388006992641929
ACAAGGAAATCCGCCC-1,-19.00678125479945,0.011406544664543229
ACAAGGATGCTTTAGG-1,1.7096438898212787,-1.0948060159769364
ACAAGGGCAGGCTCTG-1,-22.771767364735524,-6.552466019841258
ACAATTGTGTCTCTTT-1,-3.7047451471872663,-2.4948798742310707
ACAATTTGAGCAGTGG-1,-9.517099990266502,-22.443361964006204
ACACAAAGACGGGTGG-1,13.19512563150863,6.0266233070397766
ACACACCAGGACCAGT-1,-10.77411943798412,-6.966239835286257
ACACATTTCCGTAGAC-1,24.422728851628516,5.854314176026078
ACACCCAGCATGCAGC-1,11.014373813080079,1.9930179376165285
ACACGAGACTCCTTCT-1,7.760632815974835,8.813956947362387
ACACGGGAACTTAGGG-1,-8.485381588338331,-5.0897456522921285
ACAGGCTTGCCCGACT-1,-3.758812205742689,3.153474626865345
ACATAATAAGGCGGTG-1,20.410756619928502,7.43427488684457
ACATCCCGGCCATACG-1,-4.386393969726768,-5.022883312456928
ACATCGATCGTTTACC-1,1.1500191424270547,3.543807864178558
ACATCGTATGCAATGG-1,-20.368156244707862,-4.471418892229014
ACATTAGTTTATATCC-1,5.266267763040981,-4.240597111232654
ACCAACCGCACTCCAC-1,-5.878474710733402,21.227461863960798
ACCAATATGCAAGTTA-1,-2.296303269822794,-0.21440271703193126
ACCACAAGTTTCTATC-1,1.6119700935951202,-3.614232589409178
ACCACGTGCAGCTATA-1,-17.881791260679975,-5.175250012195624
ACCAGTGCGGGAGACG-1,-5.48387941844303,4.19351075149284
ACCATATCCGCAATAA-1,-14.605019823152919,-3.60032154725264
ACCATCGTATATGGTA-1,-3.8382964572836102,21.14275321655545
ACCCAACGCCCGTGGC-1,-12.133411794452895,-17.697233455181454
ACCCGGAAACTCCCAG-1,8.790962832407264,10.779053436364263
ACCCGGATGACGCATC-1,3.310054739164114,4.456103392982975
ACCCGGTTACACTTCC-1,-7.6708702048819735,-11.475706499414825
ACCCGTGTCATCAGTA-1,-4.164341578754723,9.421045972599423
ACCCTCCCTTGCTATT-1,-17.78452522699309,-1.8337824348838907
ACCGACACATCTCCCA-1,4.423679666841178,-10.231187226777207
ACCGACTGAGTCCCAC-1,16.87398084388466,-9.305041145631844
ACCGATGGTAGCATCG-1,-20.9708906795907,-3.1405558680391965
ACCGCAATAACTGCCT-1,-9.69741459969675,-2.5242442556853555
ACCGGGCCTTTGTTGA-1,-9.737379662651898,0.03404287331184673
ACCTACTATAAATCTA-1,-6.55590882580642,-1.7155830375294068
ACGATACATAGAACTA-1,-12.960839354314386,3.307934819509731
ACGATCATACATAGAG-1,17.824232565896633,-1.5714787614861185
ACGATGCATATGTTAT-1,-8.270199991683185,8.111170771730967
ACGCAATCACTACAGC-1,-1.877256305100245,11.598153919041973
ACGCATTCGTGAGTAC-1,5.133932172809266,-7.272370399602106
ACGCCGCTAGACGACC-1,-3.6703684060563524,-2.4648711191758905
ACGCGAAGTCAGACGA-1,4.0812774290526885,2.1520508764452244
ACGCGGGCCAAGGACA-1,8.737717342661355,-4.489812917323977
ACGGACTCTCAAAGCG-1,7.934260894344697,9.96828067569994
ACGGATGGTGCGGATA-1,14.953838350514713,-4.897940605572943
ACGGCACTTGCTTGGG-1,9.826596929517196,9.084337855857347
ACGGCCAACATGGACT-1,11.211354499093723,-11.906141226846815
ACGGCGACGATGGGAA-1,-18.816709744368623,-4.373371248332146
ACGGGCGTATGCGACA-1,15.509425376197107,10.08993324890268
ACGTAGATTGCTGATG-1,6.188232887876209,-5.556556464693719
ACGTAGGAGAGTCGCT-1,1.9390266731683516,-0.9561054011910228
ACGTATTACTCCGATC-1,-9.958390941504367,-0.8992375968488365
ACGTTAATGTCGAAGA-1,-3.809522210335189,-9.07545480264219
ACGTTCTGTACAAGTC-1,-3.671346146080986,17.46624590901333
ACTACGCGTTAGAATT-1,15.690398000541952,-1.1561570806786774
ACTAGTTGCGATCGTC-1,-8.41315403769075,10.521097282378424
ACTCAAGTGCAAGGCT-1,-3.7941558430726965,-5.799227208884584
ACTCAATAAAGGCACG-1,4.717164418021623,5.253919930310445
ACTCCCTAATGCTAAA-1,12.626966128279307,-13.369516425004248
ACTCCCTAGAATAGTA-1,-5.629515198930173,-6.217948076112466
ACTCGTCAGTAATCCC-1,-8.814657856650019,-21.927596573687506
ACTCTCTGACTTAGGT-1,-17.4543690112542,-11.032705025831211
ACTCTTGTATAGTAAC-1,-6.8288873071898895,-4.696638082422842
ACTGAATGGCGAAAGT-1,-20.36363357474658,-4.857029096327072
ACTGTACGATACACAT-1,-8.728231954871879,-24.379408022429875
ACTGTCCAGGATTATA-1,-15.28358124553673,1.7045708795271521
ACTGTCTTCTTTAGAA-1,7.676250878783886,-4.042826603461663
ACTTACGCATCCACGC-1,4.065963293524592,1.99722759719654
ACTTATACTTACCCGG-1,-13.082678428588228,-0.8433396074178996
ACTTATTAGGATCGGT-1,-10.065966345701463,-1.547086103368631
ACTTATTTATGTGCCA-1,-12.48303988141655,0.291848405345715
ACTTCAGGCTGATCCC-1,-3.006031121348975,-3.3755717122467437
ACTTCCATGCGGGACA-1,-9.04836118472824,12.713846458991446
ACTTCGCCATACGCAC-1,-6.087573078713659,-13.001752917223937
ACTTGACTCCCTCTTT-1,-9.456211636714173,-9.049369608720133
ACTTGGGACCCGGTGG-1,-8.207000290367567,20.263076259219563
ACTTTCCTATAGCTTC-1,2.180344357286108,4.994011249337796
AGAACGTGGTACATTC-1,2.8794023861288003,-3.758964537022651
AGAAGAGCGCCGTTCC-1,22.04431870508143,10.807203791235768
AGAAGGTTGCCGAATT-1,-5.84865195577181,15.113298462892777
AGAAGGTTGTAGGTCG-1,20.561104796448696,-4.386894244205588
AGAATTATGGATTCGA-1,5.559695744226213,-1.0987028784940625
AGACCCACCGCTGATC-1,12.332197811598526,15.520541563367878
AGACCCGCCCTCCTCG-1,4.2971128748225205,-2.9442958052848907
AGACGAAGTGCCGGTC-1,-9.47239943632448,10.793897337366825
AGACTAGCCTTCCAGA-1,-2.985774094904167,8.984368174489227
AGAGAACCGTCTAGGA-1,-3.7903822555180464,-9.968323552688698
AGAGGCTTCGGAAACC-1,-10.880878645980573,10.545462588895449
AGAGTAAACTTCACTA-1,-4.840253677263407,8.313783549460567
AGATAACTTCAGGGCC-1,-4.005628066893188,15.985378241175836
AGATACTCAAGATCGA-1,-20.980690542436207,-4.7303346546922524
AGATATAATACGACTA-1,-10.522867483396674,-11.827642911446311
AGATCTCAGGTGTGAT-1,-6.7611611872460715,-15.264635229152582
AGATTATAGGACGTTT-1,-18.127065374579697,-5.515860139457518
AGCAAAGGCCGCTAGT-1,8.80642715875157,-15.068783566644985
AGCAACATATCTTATT-1,-20.566977768286044,-3.6561313102239983
AGCACCAGTACTCACG-1,19.37343700981298,5.970832977887667
AGCACTACCTCACCAG-1,-8.034422933602157,-8.60621355600925
AGCAGAAGGAGAAAGA-1,-11.262070384774486,-13.34723900561892
AGCAGCCAGATGAATA-1,7.735997494291097,-0.4084835992341743
AGCATATCAATATGCT-1,-4.786099220340527,5.60847658611936
AGCCAAGCTTTGTGTC-1,12.793980513473556,-1.820006857811997
AGCCACAGGTTACCCG-1,13.03367033070735,-9.351292547903906
AGCCACTCCCGTGCTT-1,3.6393087742055994,6.724950596772915
AGCCATATAGTATGTG-1,4.884673805284022,-5.66008470362842
AGCCCGCAACAAGCAG-1,7.945711993951264,10.829729965636867
AGCGACCAACGATATT-1,6.293264171571735,10.456905105249412
AGCGCATAATGAATCG-1,-6.708330671089817,14.415072302371673
AGCGCGGGTGCCAATG-1,2.95149743469301,11.329598296579608
AGCGGACACTTCGTAG-1,5.419143091366356,1.9450619972405592
AGCGGGTCTGACACTC-1,16.255648341118388,12.628231594912975
AGCGTGGTATTCTACT-1,-17.64824016796497,-4.037847249340452
AGCTCCTTCGCACATC-1,-7.110965596186463,-3.1520705823031445
AGCTCTAGACGTTCCA-1,-10.324692727124312,-19.13966818667824
AGCTCTTTACTCAGTT-1,-7.61820531229475,11.893944265783276
AGGAAGCTGTCCGCCG-1,12.599199621068404,14.114819829290326
AGGACAGTCGAATCCC-1,-23.189923618783713,-6.782497715771435
AGGACGACCCATTAGA-1,-0.3987672336082844,14.821837941263857
AGGATATAGGGATTTA-1,-10.631806645662643,-0.5155124074543149
AGGCAGATGCGTAAAC-1,-7.695369752574559,-5.425920600855054
AGGCATTGTCGTAGGG-1,-10.99982448779684,10.538822021307421
AGGCCTATCATACCAA-1,12.466410239165329,4.419473784399421
AGGCCTGAGAATCTCG-1,17.148904507478026,2.644068557479569
AGGCGATAACTGGCGT-1,-8.008474346988868,16.401202435143563
AGGGACTCTACGCGAC-1,13.759285586802235,-0.5149807042870941
AGGGCTGCAGTTACAG-1,5.899897633694854,12.299023540872957
AGGGTCGATGCGAACT-1,-14.424780693929923,-2.396372491886142
AGGGTGCTCTCGAGGG-1,13.06932809770597,-2.891282375132811
AGGGTTCCCTTTGGTT-1,-17.092219801640734,-8.280682140182122
AGGGTTTAGTTCGGGA-1,9.397841200814604,-2.9068731602838
AGGTGGTGACCTTCGC-1,14.963772296830982,-7.326681487283511
AGGTTGAGGCACGCTT-1,18.40681588424161,9.799216339400068
AGGTTTCACACACCTT-1,-4.991073888588129,-4.587825194744216
AGTACATCATTTATCA-1,-8.240365293302478,14.503290842681054
AGTACGGGCACCTGGC-1,-14.217200678419077,1.6853417356758256
AGTACTCTTATGCCCA-1,27.540464147482624,7.8541791013900255
AGTAGAAGGCGCCTCA-1,12.153904788747719,-4.859413201895562
AGTCAACACCACCATC-1,-3.940339508677867,7.370154159227349
AGTCAAGATGACACTT-1,-9.554944216172649,8.543582287237099
AGTCCATTGGCTGATG-1,-2.605792389303951,2.343463089962941
AGTCGACGGTCTCAAG-1,-3.601397767258481,-3.7225127728191905
AGTCGTATAAAGCAGA-1,-5.30311988370331,-0.36151905892875164
AGTCTTCTCCTCAAAT-1,4.754061799072741,5.083375565407863
AGTCTTTAAAGTGTCC-1,5.699814293966783,-12.221726258794986
AGTGAACAAACTTCTC-1,0.6501331917827614,4.333541089678095
AGTGACCTACTTTACG-1,-14.217419480069585,-1.030114404320176
AGTGAGACTTCCAGTA-1,-9.729535304989227,-9.119940694258121
AGTGATAACCTGCGCG-1,6.954393961588966,-3.8724959776815053
AGTGATATGAGTAGTT-1,-7.2903341412800815,3.1918848364562
AGTGATTCAAGCAGGA-1,-6.039998562040717,-11.689272480623455
AGTGCTTGCACGAATA-1,-24.17780130473652,-9.542695745401222
AGTGGCGTCTGAAGGT-1,7.555719164157609,7.9982795353116165
AGTTAAACACTTGCGA-1,4.418046231624282,14.071082726826061
AGTTCCTACAGAATTA-1,-4.578133026573147,-0.5162159489972725
AGTTCCTATTTATGTT-1,-11.931664730833445,-5.13505824001232
AGTTGACGGTCCTTGC-1,8.105344209901457,7.120710924311721
AGTTTGCACCTGCCTC-1,20.624929286177764,-1.7170835109910247
AGTTTGGCACGGGTTG-1,-2.266280539266631,18.10093434635166
ATAAACGGACCCGTAA-1,-2.371999239725574,-7.434309206424486
ATAAAGGCTCGGTCGT-1,14.865731523880122,-7.01496166440793
ATAACGCCGGAGGGTC-1,-10.499870692373886,-18.67896050815132
ATAACGGAGTCCAACG-1,-12.519330007694728,-0.06752114673158742
ATAAGGTGGAGAACAT-1,-11.564258202924734,-8.582660585140289
ATAAGTTACCGCGACG-1,10.340096019646015,0.9535313855198291
ATAATAGCTGTTGAAT-1,-11.195958378448864,-5.75997589906547
ATAATCTTGGAGAACC-1,5.727596521484924,9.115303769242708
ATAATTAGCTAAGTAG-1,10.080353883817638,-4.735070145994503
ATACAGGCCCTCCAAT-1,9.34377354829618,11.444529712686135
ATACCTAACCAAGAAA-1,-4.331194657249202,-10.564191900377496
ATACGCCGGCGAAACC-1,-11.58469772628681,-18.30732892825053
ATACGGGTTTCGATTG-1,-13.808325395663772,3.185861524241744
ATACGTACTTAGCCAC-1,4.014334560670102,-1.5525610834460317
ATACGTCCACTCCTGT-1,-8.352934192863017,0.13844187443192135
ATACGTTATGCACGGA-1,7.747067928968294,2.4108355052157977
ATACTAGCATGACCCT-1,21.399937713382993,8.843346585739862
ATACTGCCTTACACCG-1,9.089569779742142,5.478847859105624
ATAGACAACGGGACCT-1,-3.848717138425863,-13.037325959414007
ATAGACGAAGAGAAAG-1,-9.353911888116125,10.279350195367376
ATAGAGTACTGGGACA-1,-5.058185192821942,15.471515669885024
ATAGAGTTATCAACTT-1,-5.915515719255175,-6.328353511715398
ATAGGGATATCCTTGA-1,6.370808631723429,-0.4830213552321407
ATAGGTTGGGCAGATG-1,16.099838524924657,9.56571146926573
ATAGTGAAGCGTTCTC-1,-11.107239594513933,-10.912492630958164
ATAGTTCCACCCACTC-1,10.371133602329277,10.787710972710013
ATATAAAGCGCTCGTG-1,19.625259451478346,5.259408017651762
ATATAAATGTAGCTGC-1,-12.8641949719616,-2.4968986414612497
ATATAACACGGGCGCA-1,-3.8348160992862694,19.012723035519347
ATATACGCTCGTGACG-1,-6.647522392696471,18.47253451974459
ATATCTTAGGGCCTTC-1,-8.22581791927073,-13.468464309738719
ATATGGGATAGCAACT-1,5.646650368800143,-3.033834764010267
ATATGTCTCCCTAGCC-1,7.209316244770037,-14.242690749635951
ATATTCCACATAGTGA-1,-9.68796879265737,-6.091795633504787
ATATTTAACCCTCAAG-1,-8.065231219754072,-8.588016325198343
ATCAAGATCCCAGGAC-1,17.74150066438954,-2.113465617924794
ATCAATCTGGGCTGCA-1,3.1883409798204143,1.5536382041470906
ATCACATTAGAATATC-1,12.4694346804502,8.319283552745047
ATCACTTCATCCTCGC-1,21.850122905372675,8.587687865637937
ATCAGACGGCACGCCG-1,-3.3130686260316202,20.330688189774417
ATCAGCCTCATGCTGC-1,14.850012241585988,-7.0377844338723
ATCAGTAGGCAGGGAT-1,16.31481381405863,8.676968959271473
ATCATAGCCCTATGTA-1,-9.174621957711055,20.55404873169602
ATCATCCAATATTTGT-1,-15.086756531021566,-7.676004479664307
ATCCACATCGACAGAA-1,10.413886164982905,11.508630796680286
ATCCAGAGCAACAACC-1,-5.983809259053013,17.008314162523195
ATCCAGGATTCGTGAA-1,-5.880013651129523,7.4579235001752116
ATCCCATTTCCGTGGG-1,10.466178447901402,0.4911982617628092
ATCCTACCTAAGCTCT-1,0.6395939230280575,6.983386007017268
ATCCTGCGTGGAATGG-1,5.237580067072126,14.10835029834376
ATCGACCCAATACAGA-1,-7.125318815169516,-9.267980000340836
ATCGACTCTTTCCGTT-1,19.244710404523005,9.93599323775681
ATCGCACGCCGGGAGA-1,12.328519749958613,0.9924313870121798
ATCGCCAGTCAACATT-1,-1.4533376102448061,9.0431972617386
ATCGCTGCGTGCAGCA-1,-7.956863499238838,16.879719552291068
ATCGGAGACAGACGGC-1,-1.0189825762930242,0.3545079519070427
ATCTAATATCCTACGG-1,-5.7197275748716105,-8.363403553778221
ATCTAGCTTGTGAGGG-1,20.507348356437763,0.9272828295815942
ATCTCCCACGGAATAT-1,-10.335858283104528,12.395810387019006
ATCTGCTGTTATCGCC-1,13.686176156177314,11.74425587029561
ATCTGGGCTGTTCTTG-1,15.00229331182096,0.4581596563518671
ATCTGGTTAAGACTGT-1,-10.471513703831064,-19.639820556834337
ATCTTATCGCACACCC-1,-8.974470395745927,20.53953875464456
ATCTTGACTTGTCCAA-1,-7.388846245967599,17.54200672105911
ATGACTATGCGACATT-1,-8.244987340817758,0.9779370396237648
ATGATGCAATGGTACA-1,-4.74160464041015,7.267482482158826
ATGCATGATCCAGGAT-1,2.8162890479565026,6.882043240308352
ATGCCATTTGCGACCA-1,-14.562573788638954,-11.300643206461027
ATGCCGGTCTTGCATA-1,-6.756220101664083,-22.95963418148743
ATGCGACAGTCCCATT-1,-4.03412427260227,-0.0742890950727432
ATGCGAGTCCCACCAC-1,0.9178312230719243,14.381444791240432
ATGCTCTGGCGCGGTA-1,11.593837059479313,3.7193054709204794
ATGGAGCAGGCCGTGA-1,8.02490738653682,-11.17375625716758
ATGGATTGACCAAACG-1,19.27026766578608,2.935748279405101
ATGGGCCTCGGCCTCT-1,-14.405457450078357,-0.8366520986670695
ATGGTCGCGTGGTTTC-1,-12.429893101998264,-17.80845174422911
ATGTACATGCGGTGAG-1,3.712902855164694,9.463914994741582
ATGTACGATGACGTCG-1,16.48933592448912,7.856901768026528
ATGTAGCGCGCGTAGG-1,22.218099201508263,10.73939788669037
ATGTGCATCCGACGCA-1,19.115969259434443,7.88152081063157
ATGTGGACATCTTGAT-1,-14.423684906813014,-4.143931907886024
ATTAAACATGCGGACC-1,-9.37830862739565,-11.14123344577042
ATTAATACTACGCGGG-1,18.237912904460853,6.067250687252402
ATTAATGAACCAGTCG-1,-10.247893685612118,3.6476135298337655
ATTAGGCGATGCTTTC-1,-0.22042913634034583,-10.256108363757658
ATTATCGGAATGTACG-1,14.96048715727252,-4.877257929061366
ATTCACTGATGTTGGA-1,2.2543995955888234,-2.194923628803527
ATTCATATACTGTCCA-1,-13.720694910496949,-9.414416900472098
ATTCATCGTTGAGGCA-1,7.606443875054506,2.3160072879737226
ATTGAAGATCTTAGTG-1,7.565834089983301,-5.300091570360205
ATTGATGAGTCCTAAC-1,1.3253281571638051,-8.507373504863066
ATTGCCTTTATGTTTG-1,-8.162702197310447,-8.113089967802123
ATTGCGATCAGTAACT-1,1.3093229038583185,3.521150275313092
ATTGCTGCTCCTCCAT-1,5.543287656417837,-8.54039084224103
ATTGTCTGTTTCATGT-1,1.8255358176425733,-14.268926045402445
ATTTGTCTTGGGAGCT-1,-23.939715135150966,-9.38856620589707
CAAACCCTCCGGCGGG-1,6.564012456000419,3.7756636104639854
CAAACGAGTATCGCAG-1,-9.258521063093468,20.088185770424218
CAAACGGTCGCACTTT-1,-8.910161348167511,21.803819224915507
CAAATGTCCTTCCGTG-1,8.904072788615364,2.7687652274784194
CAACTGCTCATCCGAT-1,5.412152474261559,14.19879562205973
CAAGAGGGCGGAGTAC-1,-23.041671198406068,-9.663720594699083
CAAGATATTATAACGT-1,-12.2082959387841,-5.625387928254613
CAAGCAACGTCGGAGT-1,-5.787156340315054,18.51175599060951
CAAGCGGCACATAATT-1,-3.530537550146981,-9.269807695733187
CAAGGATCGCATGTTC-1,7.783323103030177,-2.1911380996584433
CAAGGCCAGTGGTGCA-1,-9.741672241475364,21.18505353635713
CAAGTAAGTGATAGAC-1,10.440961212898502,14.080680421336098
CAAGTGTGGTTGCAAA-1,-18.39096040898566,-7.112272213862632
CAATAAACCTTGGCCC-1,-6.6029188929512745,9.737052441286538
CAATGACCCTTAATTT-1,5.706286078456503,-12.226213152355582
CAATGCGAGAAGTATC-1,4.346385194519578,-4.180776859030784
CAATGGATCTCTACCA-1,-15.931105928825287,-9.191834749556728
CAATTAAGGGTGATGA-1,13.240756165426824,8.300486501053296
CAATTTCGTATAAGGG-1,-9.237681508065046,-9.859812532050757
CACAATGAGCTGCTAT-1,-17.802766327928452,-7.18093481366711
CACACGCGCTGTCTTA-1,-2.970928707573916,-6.535028852092504
CACAGCACCCACGGCA-1,14.01905157757457,7.488554152496056
CACAGCTAGGGAGTGA-1,20.062684523329086,8.434517464337738
CACAGGGCCGTTGTCA-1,14.795302503913305,4.2048129269530135
CACATATTAGCAGGAT-1,-21.44793335876107,-4.607834302847777
CACATCTCACCGACGA-1,11.11104619350619,7.41917350975184
CACATGATTCAGCAAC-1,-3.3194611767013344,-11.150627630226367
CACCCTAACAAGATCT-1,8.35323506158647,-6.3971746456296055
CACCGCCAGAAGGTTT-1,8.243580787300576,9.781367815600559
CACCTAATCAGTTTAC-1,20.378613163193876,7.728574069162805
CACCTTGCGAAACTCG-1,-10.221074501648385,2.1581481597597993
CACCTTGGCGCCTTTG-1,13.19155109244771,4.549810179516952
CACGCACAGCGCAGCT-1,5.808901102531756,5.226034066303817
CACGCAGCGAGGCTTT-1,-1.0588574179511867,15.921959529579869
CACGCGGAACTGTTGC-1,-11.682923933847619,-0.377925980499298
CACGTTCGTGCTCTAG-1,-10.882254795151619,-19.176050585846028
CACTAAAGTTGCCTAT-1,-13.978672837396068,1.4721320909148399
CACTACGGGAGCTGCC-1,-7.074390428408227,16.577798167549545
CACTCAAGAGCTATGG-1,2.3267118692575,-12.882294235615273
CACTCGAGCTGAACAA-1,-15.170553933256876,-4.790607868144187
CACTTAATCAGACGGA-1,5.409586159937936,-11.842093125931525
CAGAACTTAGCCCTCT-1,-2.172151542263806,-3.051938110017052
CAGACCTGTAAGTGTT-1,5.099000502524733,-4.888469711976091
CAGACGAACCTGATAC-1,0.9860118750305926,9.64839953434266
CAGAGACGGTCACCCA-1,20.50774504253515,0.5158398628636522
CAGAGCATGAGCTTGC-1,-7.939716727839961,3.8829776810497183
CAGCAGCCCGTTCCTT-1,-8.384541629316525,-22.435073475424687
CAGCAGTCCAGACTAT-1,2.6475776705967173,11.472319736186002
CAGCAGTCTGTGCTGC-1,17.8760697002618,4.7080904190368695
CAGCCTCCTGCAGAGG-1,3.962417442108197,6.017210286692532
CAGCTCACTGAGACAT-1,6.7269817845962585,4.5387355279666
CAGCTCGACAAGTTAA-1,-13.963274556901647,-5.164550544603229
CAGGATATATCGTTGT-1,-10.260092386232035,-12.573610063853454
CAGGCAGTCTTACCAG-1,26.368239163232957,7.15116217751387
CAGGCCGTTTGGGTGT-1,-1.8845905746992047,12.448802577360304
CAGGCGCCATGCTAGG-1,2.7117993469748534,-7.348564242430995
CAGTAGCCCACGCGGT-1,3.456558457376332,-5.182365616397235
CAGTCTGTATACTGGG-1,-3.0199397909862586,-6.594334187740764
CAGTGAATAAATGACT-1,-15.257341094013569,1.6292682155764295
CAGTGTCGGCTGGCCC-1,-4.394814616728653,8.614621393143118
CAGTTCAAATTGACAC-1,-9.5845675186666,16.238851544431874
CATAACGGACAGTCGT-1,-18.472186417922458,-6.608485462736012
CATAAGAAGCTTGGCT-1,7.243963329080424,-12.123260407268672
CATACACGGTTCCCAC-1,8.883744904515211,6.5185887935445335
CATACGGCGTCTGGGC-1,7.542485687316748,-4.516442675109794
CATACTATGTAATTGT-1,-2.385143345580847,1.6071970534265991
CATACTTCTTTCTCCG-1,14.3630768199516,-0.6897119556374287
CATAGTCAAATACATA-1,2.114231151791468,4.602654195882238
CATATAGGTACAGTCA-1,-18.02638336065571,-6.020918252934073
CATCATTACCCTGAGG-1,-7.264402052587997,8.705961242873334
CATCGGACGGGTTAAT-1,-9.997025803307373,-14.825552256102293
CATCTTACACCACCTC-1,-6.936230646127127,10.47961144795285
CATGAGATGCACTCTC-1,9.010339022909422,-1.7608685599131306
CATGATGCACAATTCT-1,18.431684466661828,3.797383519491386
CATGATGGAAGTTAGC-1,12.632544994680309,8.432566313047035
CATGGGTATGCCTTAT-1,20.450383938482748,-3.1621106069034934
CATGGGTCGGGTGTGG-1,21.45373509312512,-1.4124343912454806
CATGGTAAGTAGCGTT-1,-24.51522573221005,-8.691065274673464
CATGGTCTAGATACCG-1,15.774369034299616,13.253448866642024
CATGTAAGAGACATTT-1,10.467951370843329,11.307581687527854
CATGTCTCATTTATGG-1,-11.405445656934281,-2.8483464448067326
CATTACGTCGGCCCGT-1,19.41360170139132,6.6429158497416525
CATTATGCTTGTTGTG-1,-4.53204117374242,17.309043809112694
CATTCGTCGTAGCGGT-1,15.370509351741042,7.92022143932968
CATTTAGCGGACCATG-1,-13.485190752656761,1.903202025936092
CCAAGAAAGTGGGCGA-1,8.621569145884925,5.117057457991393
CCAAGACTTCTGCGAA-1,23.289843932590383,8.276610250331704
CCAAGCGTAACTCGTA-1,-0.12352211435175624,1.9308257047102015
CCAATAGTGCCGTCGA-1,0.3591102157947623,8.30432736205145
CCAATGTCACAGCAAG-1,-5.261171700551079,-2.857448969131058
CCACAATGTACGTCTT-1,-10.13800647787375,-19.710854506139285
CCACACTGAGATATTA-1,-6.783626734663419,0.892993882756154
CCACAGTACCCATCCT-1,-2.60292083336812,-3.2245039681183214
CCACCCAAGGAAAGTG-1,-11.572395941648958,-14.221522075657859
CCAGATAGTTGAGTGA-1,-11.113261858564838,-17.27362850290501
CCAGCCTGGACCAATA-1,9.126265069602335,2.950224297945138
CCAGCTCGAACGCATT-1,13.215036528538436,-9.880773575355033
CCAGGGACGTGGCCTC-1,-7.983154408041702,19.4217460276284
CCAGTAGTCTGATCCA-1,5.38295098427129,-1.2338119193508483
CCAGTCTAGACGGCGC-1,-15.945236336205635,2.0387334871884506
CCAGTCTTGTCATAGA-1,0.9060841226521724,-2.393918171200693
CCATCGCAGTTAAACT-1,-8.124207435625832,-6.643810812034388
CCATCTCACCAGTGAA-1,-13.121585851223985,-2.1427976115788074
CCATGCCTGTTTAGTA-1,-16.357171359289055,-5.199915204776624
CCATTAGCGATAATCC-1,-7.65366055271987,19.25662308309735
CCATTCCCTGCCCACA-1,-5.638145187757556,21.125348647747675
CCATTTCTACCTATTA-1,-8.772135134917649,-10.734874379285328
CCCAAACATGCTGCTC-1,-5.08066368838401,-14.349726902507921
CCCAGTTAAGGCGCCG-1,-24.111103443752725,-8.916955699711023
CCCGACCATAGTCCGC-1,22.247612976590347,10.857529582449839
CCCGCAGCGCGAACTA-1,9.67152420946348,-2.993813822753243
CCCGGGTCGTTCAGGG-1,20.590626619532237,-3.5860679892246883
CCCGTCAGCGTCTGAC-1,19.4791715544545,-0.7965218767112056
CCCTGAAATGAGTTGA-1,-4.508599318688276,19.265417934318354
CCCTTTAATGGAGTTC-1,5.983458064386762,10.530407294837543
CCCTTTGACAGGTCTT-1,6.442903171940814,1.1583184236183013
CCGAACCTTCCCGGCC-1,-4.032911816110522,-10.958602084352634
CCGATCTCAACCTTAT-1,3.1100632530933656,5.331170712158481
CCGCACAAAGACCAAC-1,-8.749206353794005,-18.380443404464284
CCGCATGTGGTACGAT-1,25.131589973079,4.187231333888111
CCGCTATCAGCACCAG-1,-6.742788585244628,-1.195464619900536
CCGCTCCAGGGCGATC-1,23.066242766608642,2.7419972479728827
CCGCTCTTCCGAACTA-1,-6.421879440028558,19.399127340530782
CCGGAGCGTACTTTCT-1,10.112177829345585,1.159523612465763
CCGGGCGGTCTCGTCA-1,-2.8643209664048066,1.1036046924302405
CCGGGCTGCTCCATAC-1,-11.035046358934165,-10.532501417391238
CCGTAAGTTGGTCCCA-1,-6.020033259171044,-13.278379011927191
CCGTAGGAAATCCCTG-1,3.215278696218675,10.21949742935687
CCGTGGAACGATCCAA-1,-1.3804737647690164,12.091597839974984
CCTAAATTAACGGTTC-1,-6.979151477794601,-1.982137757062946
CCTAACCCAAACAAGT-1,-15.190636880222758,-1.8431179992335345
CCTACTGCTTACACTT-1,-7.142508728872838,15.040972195890635
CCTAGGCGTAGCGATC-1,-2.676536154841789,-5.673449845055757
CCTATAATGAGTGCCC-1,10.220279366955289,10.433008267619154
CCTATGGGTTACCGTC-1,16.28309844325136,0.9731676158416145
CCTATGGTCAAAGCTG-1,19.0355468750702,-6.442285809055493
CCTCACCTTAGCATCG-1,23.681042127823883,-1.4951565690729798
CCTCCGACAATTCAAG-1,-5.145563520512867,13.64586618717359
CCTCGCGCTGTGCGAT-1,8.05815908946888,-10.73932507352314
CCTCGGACCGGGATAG-1,-24.07964786579945,-8.933582374936904
CCTCTAATCTGCCAAG-1,19.25857850092057,9.919914995618324
CCTCTCTCCCATCTAG-1,-4.941532350986291,16.881742951956607
CCTCTGTACTATTCTA-1,9.462745765114487,-6.927512691630251
CCTGAACGATATATTC-1,-11.604436327246896,-4.011624474003377
CCTGAATATTTACATA-1,3.292938707706365,-3.3953219380315955
CCTGACCACCGATGGT-1,-12.387808261259051,-5.764913627350632
CCTGCTATTTGAGAAG-1,-7.193159942922077,13.176591986732115
CCTGGCTAGACCCGCC-1,-5.935412399161165,18.791360286735504
CCTGGTCGAATGTGGG-1,9.932889748124849,-0.5628966246212632
CCTGTAAGACATGATA-1,-8.23424080179731,18.697128234999024
CCTGTCACCCGGGCTC-1,0.8783525901896545,-19.170702581343274
CCTGTCGCCCGTAAAT-1,-7.913265298699369,-15.718505249397172
CCTGTTCAACCTCGGG-1,22.523707675272735,1.1772524742599946
CCTTCGTATAGAATCC-1,12.32154646502856,-14.323341259675155
CCTTTCAATGAAGAAA-1,7.747027996770565,-2.257147938003478
CGAACAGTATGGGCGT-1,-4.730847020060079,5.680672126624436
CGAACCCGCATGCGTC-1,20.148528782050967,8.542146825440417
CGAATGACGCATAATG-1,4.2040095715756385,-13.395771327509836
CGACAATTTGATCTAA-1,-11.816401446799112,-2.6989546607803128
CGACACGCTCCGACAG-1,-11.978013151806756,1.138815279105599
CGACAGTTCGCGTTAT-1,-1.5278688980340995,11.932462953057419
CGACTCAGGATGTTAT-1,22.02001922749203,2.1365340637457573
CGAGACCCTAGAGTGT-1,-5.054429950735033,-10.564191495780408
CGAGAGATGTGAACCT-1,11.471763431702398,14.457185026707132
CGAGAGCTTTCACTAC-1,-1.2540689230137796,6.558480762917235
CGAGGCTAAATATGGC-1,9.744565483919542,-1.0236662111321582
CGAGGGACTGCGGTCG-1,-9.637556413934147,-19.617397855137572
CGAGGGTATCCAGGTG-1,15.31196975152406,1.7201439498583977
CGAGTTCTGTCCCACC-1,-9.687475339088081,-12.32873862536259
CGAGTTTATCGGACTG-1,-24.025211534297757,-7.593983356946327
CGATACCTCGCGGACA-1,-7.900315619795495,9.46195490626704
CGATAGTCGTACTGCA-1,5.643993381975065,-1.3782423875592147
CGATCCACCATTGTTG-1,8.607852070361151,3.927826582547372
CGATCCGACCCAGTGC-1,-2.430164676397658,-7.821517969822857
CGATTAAATATCTCCT-1,-2.629073473341617,-5.329080636155857
CGATTCGCCTGGCTGC-1,16.610915236948696,-10.722013965705115
CGCAATTAGGGTAATA-1,-4.292779292754302,9.5431123533505
CGCACATGTCCACTAC-1,-22.331009139699763,-8.775422607138317
CGCACGTGCGCTATCA-1,-3.606138263488412,2.477759988926119
CGCATGGTGCGATGCT-1,9.450290972733558,-6.704464158177276
CGCATTAGCTAATAGG-1,-6.185876057015187,8.736695446528215
CGCCATCCGATTATGA-1,-12.010252950554282,3.978028017076514
CGCCCAGCGTTTCACG-1,14.583047048198088,-0.8500287748717806
CGCCGCCCATGCCTGT-1,-13.405644251666764,-16.9690463700692
CGCCTCCCTCCTCTAT-1,-17.63511393565902,-10.29895042883619
CGCGAAGTGGCATACT-1,-6.005892438670361,21.0091959101768
CGCGACCGCGACAGAT-1,11.084101549634145,2.0990831429240147
CGCGCATGTTTGATTG-1,-3.892291390913219,16.65181171453751
CGCGCCCGACTTAATA-1,17.344579065810745,7.664800884483026
CGCGGCTCAACTTGAA-1,-9.762492062307173,2.5520654303184713
CGCGGGAATTAGGCAG-1,-9.076805334144671,-23.802181484567146
CGCGTTCATGAAATAC-1,-7.267336169993821,19.872518200495144
CGCTACGGGACATTTA-1,-8.966967004187929,4.466272960212867
CGCTATTCTTAGGCTC-1,-9.085431809689009,-21.514204103699193
CGCTCTCCGTAGATTA-1,-7.116072752893042,18.92385801606523
CGCTGGTGACTACCCT-1,-15.603671300249601,-1.4817689169829231
CGCTGTGACGCCGCAC-1,8.983233386344473,-4.5326174336143
CGCTTAGTATTGATAC-1,5.323566575212669,1.8352137748601027
CGCTTTCTTGCATTCG-1,-9.71691682924197,-20.85580782252384
CGGACCTTTACGTCCC-1,12.435712318707179,3.4271732047949346
CGGAGCAATTTAATCG-1,7.116618329167829,16.044703548714903
CGGAGCATGGCGATCC-1,0.5934248959491883,1.9381109138823078
CGGATCCTCAAGGACT-1,2.9769457289851116,-11.481930386528546
CGGCAAACATCGTGCG-1,14.339680418044606,-1.8747026288834312
CGGCAGGGTCGGGTTG-1,5.500384005437769,-8.306815271832525
CGGCCACGCACAAAGT-1,-15.806991693684513,-3.694730375037864
CGGCCCAACCTGTAGT-1,-6.592687729775321,14.316329047080096
CGGGAATATAGTATAC-1,-3.6261590180290253,7.009330892407325
CGGGAATTTATGTAAA-1,-1.1741844270654136,-8.530064990319229
CGGGAGCTTCAGTGTA-1,-11.257336354859396,3.9499465909779223
CGGGATCAATGTAAGA-1,18.751993729130938,5.589301988306057
CGGGCAGCTAAACCGC-1,6.9828534891265,11.227783527791917
CGGGCCTTCTTTGTAA-1,-9.343149632090766,-2.986812296266524
CGGGCGATGGATCACG-1,20.8248695737431,9.408578401623434
CGGGTGTACCCATTTA-1,-10.20934483833926,-17.3390398199736
CGGTACTAGAATCAAA-1,-24.52631456637079,-7.536101375132614
CGGTAGAGGTGCAGGT-1,22.884230004662314,9.386413797892516
CGGTCAAGTGGGAACC-1,-12.37034477506299,-17.73024639261878
CGGTTATCCAACAGTG-1,1.4531691330416854,-5.870661410752054
CGTACCTGATAGGCCT-1,19.878921004833934,7.834301792065033
CGTATTAAGAGATCTA-1,-8.098618263856356,5.301183234688782
CGTCACGTCCATTGGT-1,5.785037578980919,12.317597366853876
CGTCGCATGTGAGCCA-1,16.88555745146205,7.047089990965467
CGTCGGATAGTGTTGA-1,2.480183669804583,-12.416682290921928
CGTCGTCCTTCGCGAA-1,4.6274010325363,2.5903627829269125
CGTGAAGTTAATTCAC-1,2.1104334975771915,-3.475949073843506
CGTGACCAGTCCTCTG-1,18.714923939816913,8.880401146087541
CGTGCAGACTGGGACA-1,-0.28345593020534215,-19.02557123997027
CGTGCCCTCCCGAAGA-1,-20.44212909585184,-6.0856864250116764
CGTGGCCGAATATCTA-1,-0.8662179559331283,11.234167559542552
CGTTAATGTCCCGACG-1,6.5881361579636994,-13.475745258444588
CGTTCAGACCCGCGAA-1,24.18743202825246,-2.9510160397736516
CGTTGAATACCGCGCT-1,7.114805721084889,3.2290934615002636
CGTTGAGCGACCGTCG-1,-23.738813734449817,-8.271224786780081
CGTTGTCGGCAATTGA-1,0.43856290698579414,8.293400537550976
CGTTGTTTCAATTCCC-1,-2.1076034372880015,16.952001002825376
CGTTTCGCTCATTACA-1,12.505203732796401,5.517831178609472
CGTTTGGTGTTGTGGG-1,0.6506034700335511,12.672733447905904
CTAAAGGGAAATAGGA-1,-9.57047826697481,-5.984637388483905
CTAAATCCTATTCCGG-1,-19.765638947493326,-9.067843580532108
CTAACGAAACTTGCTG-1,-11.471322309534365,-8.81953027355999
CTAAGGGAATGATTGG-1,-21.3195046598752,-6.887166061566032
CTACCCTAAGGTCATA-1,-10.81839532050362,-11.85524041804655
CTACGCACGGAGTACC-1,-14.923542877899342,-3.4175486687302845
CTACTATCTTTCAGAG-1,-14.180971995995039,-7.634927982476163
CTACTGCCACCTGACC-1,20.44182887261654,5.914781255116207
CTAGATTTACGACGGC-1,-16.58639971772236,-6.735377390346695
CTAGCATAGTATAATG-1,-1.6387418870783887,-10.834272115688785
CTAGGCGCCCTATCAG-1,-6.296460297718994,5.817031740403613
CTAGGTTCGGACGTGA-1,10.723001988577389,-11.46768337908088
CTAGTAGAAAGGGATT-1,1.2779719696326186,-8.269558864769028
CTAGTCACGTCTTAAG-1,-6.779025619953212,-4.89719202053684
CTAGTGAAGGACAGGA-1,-6.023040978319553,19.624027745627533
CTAGTTACAACCCGGT-1,-3.006954783565467,0.7460431898870896
CTAGTTGGGCCCGGTA-1,0.6051887240364521,0.17621783638400995
CTATCGACGAAATACA-1,-9.054648331932375,11.55530777961469
CTATCGCGTAGAGAAC-1,-3.4619206678604897,20.7872500849743
CTATCGGGTCTCAACA-1,2.0245677005545377,0.6867089135824578
CTATGCCCGAATGCAA-1,8.727649900796779,7.052062016548448
CTATGTCACTAGCCCA-1,13.413889760398563,-3.094432287583905
CTATTCATGTGTCCCA-1,5.88533749402283,-8.794662110239466
CTATTTGCTTGGAGGA-1,11.910350013133266,-3.1684280215778173
CTATTTGGTTACGGAT-1,-10.991938126161534,-17.72177731193683
CTCAACTAACCCGGAT-1,1.5558572419702172,-2.522667495256997
CTCACATTTACTAAAT-1,0.5490358356800229,-0.6008399854141737
CTCACTGTGATACTTA-1,1.7201214133969331,1.3973167198941865
CTCATTGCTCTAACAA-1,-6.995013857490339,-2.0367584589474492
CTCATTTGATGGGCGG-1,21.04101240944992,10.826521136047841
CTCCTTTACGCAAGTC-1,-6.367356982837614,10.439107971785191
CTCGAGGTCGAACAGT-1,14.63663023063537,3.7637875135845147
CTCGCACCTATATAGT-1,13.184766818287132,-9.756977737662613
CTCGCCGAATGTAGGG-1,10.78644080148199,-11.578667106502472
CTCGGTACCACTGCTC-1,-23.056041597643084,-8.586874925669656
CTCTAATGCATTGATC-1,2.471822494027787,11.633377544850703
CTCTACATCCTGCGTG-1,14.586561503895245,1.4939701945602841
CTCTAGCCCTCGGAAA-1,12.428852553378697,9.753350039260368
CTCTATTTGGCTGCAG-1,-7.336320015310856,3.4585713738323873
CTCTCACAATCGATGA-1,7.453438194880521,-14.50409605747917
CTCTGGACGCCTGGTG-1,23.77532337598256,5.553001996102236
CTCTTCTATTGACTGG-1,-7.822569127010878,4.118395723721212
CTCTTGTCCCGCTTGG-1,6.654505734771246,-5.230116927475606
CTGAATCCGAGACCTC-1,9.662230303135473,-1.5594356148683761
CTGCACAACTACATAT-1,-5.546519994276273,-7.203202987057462
CTGCACTCCAGTACAG-1,16.016129993448683,-4.582440544182024
CTGCCAAGGTTGGAAG-1,19.246918548539078,6.834217253305672
CTGCCATGCATCACAT-1,-4.659833141829002,-2.578971592899529
CTGCGATTTCGAGATT-1,7.709144833288021,3.3258914862898927
CTGCTTGGCGATAGCT-1,9.682541701465341,-7.575910581415631
CTGGAAATGGATGCTT-1,-9.595115303656371,17.919902036062137
CTGGAAGACACGGTGG-1,-13.576624166184452,-4.096160419541303
CTGGATTTACACTTGA-1,-1.1415222143198565,-7.912031066002177
CTGGCGCACAGGTCTG-1,-5.08714798389793,-0.4208453394866019
CTGGCTGATTCATCCT-1,-12.95265407476986,1.0146608879640153
CTGGCTGGTTGTCAGT-1,20.819875474039446,6.466418459806775
CTGGGATAAATAATGG-1,-20.371083443665206,-6.908248020637876
CTGGGTAGGCAGTTAA-1,-20.69730244419827,-4.165769227792209
CTGGTAACACATAGAA-1,-24.856454491395958,-9.582453767133709
CTGGTAACGAGCTCTT-1,9.094426445471248,-15.20076714873938
CTGGTTTCGAGCAAGA-1,-15.041878381411365,-5.106439655597048
CTGTACTTCTTAGCAT-1,-2.3074166749496454,-5.589662470031208
CTGTCAAATGGCTCGG-1,-5.883872150302586,4.481615762120151
CTGTGCAGGGTAGGTC-1,8.357897900592011,-6.192068192980656
CTGTGGTCGGGAGATA-1,4.4806123878333235,12.874026403230726
CTGTTACCCAATCTAG-1,12.573512002211421,4.243183111675583
CTGTTCACTGCCTGTG-1,25.190189512306176,7.260813356886898
CTTACACGGTATTCCA-1,11.939877027236847,-1.7343560541683405
CTTAGCCTTCCACATG-1,-10.692287992365225,2.1730316468583557
CTTAGTGTAGTAGCAT-1,1.7181210810080025,-4.9620965701067385
CTTCAACTCCACTTGG-1,10.577075683787221,-3.7014202501386335
CTTCATTGTCAGTGGA-1,-12.327752481287655,-16.90459163558527
CTTCGTAGATAGGTGA-1,-5.942537799884113,11.009642472253715
CTTGAGTTAGGGTAAT-1,-21.850218147878607,-5.687155356613053
CTTGCCCAGGCTCTAC-1,-11.1935806975047,-5.168388230667453
CTTGGCCAAGCTGGGA-1,10.029388464347823,0.16896807026864716
CTTGTCAACATTCGAG-1,9.97829900466286,-4.126139345083392
CTTGTTGCTGAGTCAA-1,-12.060264147030093,-17.105429524305055
CTTTAACTTTCAAAGG-1,23.11145863561943,6.938499818807029
CTTTAATATTGGTCGA-1,-3.7228375104230107,-7.358049032094051
CTTTACCGAATAGTAG-1,-15.278714627830054,-4.893921274390506
CTTTAGGAACACTGTT-1,-24.05326523232571,-9.417814334479193
CTTTAGTGCTATTATT-1,-9.330840553961272,-0.02074326102510033
CTTTCTGTGCGGGCTT-1,9.920786052092375,-0.49102722046521263
CTTTGGCTTTAGTAAA-1,-7.746375641959951,15.137930943782745
GAAACAGATGACCACC-1,-16.84297764015866,-3.123383519014302
GAAACCGAATTACCTT-1,-0.8074127729720261,1.5830824618084878
GAAACCTATACAAATG-1,-8.657690731581013,17.666523834972736
GAAAGCAGTGCACTTT-1,6.154000822057505,4.162918419591695
GAAATGGCGGTGTTAG-1,-1.5627028830308012,7.192612641891435
GAAATTGTCTCTATAA-1,-21.26034206369173,-4.9968136761982285
GAACAACTGGGATGAA-1,12.660158709995805,-8.32553439012554
GAACAGATTACTAAAT-1,-7.880331406068467,-1.8444758520806326
GAACCCTCTGTGTTCT-1,15.991092335695104,-2.1208311394025388
GAACCTTTAACGATCC-1,0.4786777850897312,-6.885061056794695
GAACGACCGAATGATA-1,19.71939561339862,12.518031659956081
GAACGTCTCATGGTCG-1,-11.370725492098897,-17.187501486318716
GAACTGTGGAGAGACA-1,10.430497636295833,5.354065297944633
GAAGCCACTGATTATG-1,17.21097474970018,-5.219556372190519
GAAGCCTGCACATTCC-1,23.866234207986793,-2.282087900888075
GAAGCGTGAGGAATTT-1,-5.920780366084273,-3.2424651491207594
GAAGGAGTCGAGTGCG-1,18.53096712567384,9.793386014460744
GAAGTCAGTTGCACTA-1,12.295520993275769,8.02324944156539
GAAGTCTCCCTAGCGA-1,-13.305535978788736,-6.584206618045562
GAAGTGATTTATCGTG-1,-9.590815469779912,-2.415341827507575
GAAGTTTCCACTCAAT-1,-2.8408142852706244,5.270443447376621
GAATAGACGCGACCCA-1,-16.84350442711524,-6.403314445508272
GAATCTGAACATTCTC-1,-3.338207234634119,-7.093933226550617
GAATGCGAATCGGTTC-1,-5.900859948703564,-13.778864867799715
GAATGTGGTCCGGATT-1,-24.689378829140708,-7.447232623631197
GAATGTTGGGTAATCT-1,16.073881761457915,3.866832744979988
GAATTATAGTGAAAGG-1,-10.597530236156372,-4.260966167945804
GAATTCACCCGGGTGT-1,13.160532573146233,4.4880699757657085
GACAAACATATGCAGG-1,-6.388487659785826,8.01455651817709
GACAACGACCATTGAA-1,-12.457093857880313,-0.31512190077417424
GACACAAGGGAAGAAA-1,4.20424267160498,0.04621451050210914
GACACTGAGTTCAGTG-1,8.751905187961327,15.382376521521506
GACAGCCAGACCTGAC-1,-22.869776998911345,-9.669852140985473
GACATCCGTCGAACTG-1,0.7126477908709858,-6.6371688652346315
GACCAGAGCCCTGTAG-1,8.002473193538657,8.153188271511741
GACCGTGCTGACGGTG-1,8.69574707364748,-4.573886838965757
GACCTTCCACGTCTAC-1,13.316081090237665,10.570701430656827
GACGACGATCCGCGTT-1,11.765508032925688,9.554373203039944
GACGCCGTAAAGGCTA-1,14.902946347860176,5.8264256389568585
GACGGGTTGGCCCGTA-1,12.89339886368384,5.554157831605286
GACGGTCAATAGAAGC-1,5.2808937588923515,0.4604653374491656
GACTAAGATCATGCAC-1,17.455176169894848,10.557692634736725
GACTAGGCCGTTAGGT-1,20.52435956602527,1.3169189642996726
GACTCCCAGAATAAGG-1,-5.109152059253893,7.580872413456152
GACTCGCGGGAATGAC-1,4.086440062574842,-1.839660630232131
GACTGCAAATCGAGCT-1,14.467750387933913,-0.7444633310512985
GACTGCACCAGCCCAG-1,-21.074456787126948,-6.34022673999021
GAGACTGATGGGTAGA-1,-2.5015272474634727,4.63394347774133
GAGACTTCGCGACCGA-1,24.450591529797546,1.4086396190177524
GAGAGGGCGCGAGGTT-1,-8.417729407873546,21.154434821529104
GAGATCTGCTTGGCAT-1,6.733303410830625,-5.851953568143832
GAGATCTGTCACTCCG-1,0.5952737222032782,-19.140195785813706
GAGATCTTCCATGACA-1,-21.73962889741813,-6.04702692942724
GAGATGACAATCCTTA-1,20.704188979701687,-3.5651334502040974
GAGATGGGAGTCGACA-1,15.044048614312418,5.384239920146154
GAGCACCTGTGTCCAG-1,19.489598312670946,3.0734783010219204
GAGCCAGCTACCTGTG-1,-7.822695121713557,4.099574720874953
GAGCGCGCACGAGTAG-1,2.4689279502141748,3.1327866250987237
GAGCTAAGGGCATATC-1,-9.812049995335078,-19.40010997670988
GAGCTCAACATGAGCG-1,21.28710208786937,11.575497661217122
GAGGCCTGTTGATACA-1,-9.476709096948836,20.88796788499654
GAGGGCGCAGCTCTGC-1,-2.7177876028572787,1.8140037907870392
GAGGTACGCGTGTCCC-1,24.443741772114556,9.758674914370237
GAGTAGATACTAGTTG-1,14.246404789381277,7.792718625285252
GAGTATGCGCGTGCAT-1,5.414224735828299,-7.600044598941437
GAGTCCGCTTACCGGA-1,-15.38984991784446,-8.902658587947876
GAGTGTCAACCAGAAA-1,-0.3027449046922689,0.2716128058274282
GAGTGTGCGGTACCCA-1,-19.536510454755575,-3.571021571902646
GATAACTCGCACTGTG-1,-21.06508089967084,-7.332368551882195
GATACGATGGGAGTCA-1,8.616548805003255,15.827771614138054
GATAGAACCCGCTAGG-1,21.85727870761639,5.024770240445408
GATAGGTAACGTTGAC-1,0.6379292524566238,0.2734131391205065
GATATGAGACACTAAC-1,-11.719283441651596,-18.413239325970224
GATCATTCCAAACATT-1,2.9264519781503497,-8.106199365682953
GATCCCTTTATACTGC-1,6.209808599735119,8.663417176246963
GATCCGGGAATTAACA-1,-9.52763807658684,-15.048302999111417
GATCCTAAATCGGGAC-1,9.609112236258747,-5.445745338863563
GATCGACACTATCTGA-1,-5.548440580190761,9.235837708269383
GATCGCGGGCTCTCCA-1,-20.794221995296418,-9.16876635803812
GATCGCTACCCGATTT-1,-2.358818831462596,-1.3579842381386125
GATCGGTGGCCATAAC-1,13.600057476253772,8.744510798145367
GATCGTGACTGATATC-1,-7.438243290687465,-1.3203532189875855
GATCTGCTATCTAAGG-1,-3.47201793864936,6.786059579408449
GATCTTGGAGGGCATA-1,-13.884837490142946,-2.3896716243321543
GATCTTTGCAGGGTAT-1,-4.7134093816096225,18.97323186215304
GATGAGGAACCTTCGG-1,-0.22632803872287854,-3.9078003034907622
GATGCGTCCTGCATTC-1,-11.275866253469506,-14.454177863618332
GATGCTACCTTCGATG-1,5.944419064141351,6.156298463234897
GATGCTGTATTTCATC-1,-22.85779345314458,-7.0031647596022175
GATGTTCAATCCACGA-1,-5.2804897282814975,10.3717622456768
GATTCCCTTGTCGCAG-1,21.67998737558211,4.576995757671811
GATTCGACGGTTCACG-1,12.742844356804484,-1.709101183316282
GATTGGGAAAGGTTGT-1,5.115841644257533,-11.809270306933865
GCAAACCCTACATTAT-1,-16.29041089122978,-4.147215474455668
GCAAACCTTGGCCATA-1,8.563050151382745,7.494511583810445
GCAAATATTACGCTTT-1,-8.49281259840841,11.963641201090162
GCAACAGCAGTATGCG-1,5.061136456737195,4.1855722995604365
GCACACAGCTATTACC-1,21.72151431082112,10.500003448453885
GCACGTGGTTTACTTA-1,-9.796418039655943,21.158061468759893
GCACTGCCTACCTTTA-1,11.192912843319679,-7.464686469502983
GCAGATCCATAAGACT-1,-20.937689600861635,-5.286234152918781
GCAGATTAGGGATATC-1,-9.618378708323254,-21.517752055525584
GCAGCACACAGCCCAG-1,-5.678003817296009,19.97837623212558
GCAGTGTGGCTATAGG-1,0.6813624293570602,0.7010907038084089
GCATAGAGCACTCAGG-1,-10.727721385510167,-18.612989026889313
GCATCGGCCGTGTAGG-1,20.955583929101234,12.227543453653551
GCATGAGGGACGCGGC-1,-16.6455827725783,-8.660685090207082
GCCATATTGCACACAG-1,19.448670172152458,7.741873115165462
GCCCGATCTGTGGTCG-1,-1.1673269348368511,4.884664708203778
GCCCGTAATACCTTCT-1,-10.848845821853688,-13.076199678614705
GCCCTGAGGATGGGCT-1,22.162624260652436,6.444740640151074
GCCGAAATTCCTACGT-1,-7.709439455159998,13.369895330327058
GCCGATTGGCCAAGCT-1,5.700465566940299,-8.736144325687828
GCCGCTTGTGAGAAAC-1,-2.6685227816793975,20.19371037999926
GCCGGGTTAGGGTCGC-1,-4.178292876789536,-5.315037643524384
GCCGGTCGTATCTCTC-1,10.240976690025537,5.437643697092582
GCCTACGTTCTGTGCA-1,23.834604250389848,1.5958832356186923
GCCTATAGTGTCAGGG-1,-17.494491787156782,-10.531294627797672
GCCTCATCTGGAAATA-1,-14.908270667803366,1.2217775687594912
GCCTCTATACATAGCA-1,0.9921121251575484,-4.65051896414691
GCCTGTCCCGGTGCAT-1,7.928697459739052,4.277933376338817
GCGAAACTTAACTGGA-1,-21.656339693667743,-4.93140172723223
GCGAAGAATCTGACGG-1,17.13217550304177,7.585535053512202
GCGAAGCCATACCCGT-1,10.284630972425072,4.762012544990527
GCGACGATAGTTGTAC-1,8.629059911269701,-15.03572695429093
GCGAGGCCCGAGCAGA-1,-4.25967829934253,8.073483904335237
GCGAGTTCTGCAAAGA-1,1.6843357453726382,-0.057133056329716166
GCGATTGTTAACGTTA-1,-7.0774309979477055,-14.731792275650173
GCGCATCCAGTCAGCA-1,1.7985480911417655,-4.156384802887599
GCGCCGTTCCACGATA-1,5.655558868341046,6.749973834652103
GCGCGGTCTAGTAACT-1,20.035244069501267,-1.1765429531880036
GCGCGTCATTGGTACA-1,9.957408871679126,13.163436412471397
GCGCTAATTGAATAGA-1,-3.180476988606638,-9.62769772195032
GCGCTATGCCGAGGCA-1,-2.6218537331152967,4.879672409045915
GCGCTGCTTTGCATTT-1,-3.9240220525481284,-12.994910325071642
GCGGAGAGGGAGAACG-1,-21.359124045582313,-5.712696942293556
GCGGTTCCCTATCATG-1,11.765857971521973,7.080170365212896
GCGTCGCCAGGGTGAT-1,24.93827387427629,6.0371937553563955
GCGTGGTACTGGGTTA-1,-8.456018523807254,3.2091827594098317
GCTAACTGAAGTCTGA-1,-6.140645006445525,2.5572871786798244
GCTAAGTAGTTTCTCT-1,-9.263079518770901,-19.563843403909658
GCTACAATCGAGGATA-1,-8.768675459247723,16.307135697629082
GCTACGACTTATTGGG-1,1.5071937757395553,1.295543683138432
GCTACTATAGTAGAGT-1,-6.226246937427205,6.9668823638315045
GCTAGGCACCACGGAG-1,5.999179984958958,-2.8055858141024466
GCTAGTAGAGCTTGTA-1,1.0937170874023483,2.854282659428099
GCTATACGTCTCGGAC-1,-14.415623838065825,1.2594426780531718
GCTATCATACTCATGG-1,-3.636235464775664,2.7575701754784676
GCTCAATGTAATACCG-1,12.972666683839059,-8.726359492701423
GCTCCATGCAAAGCAA-1,7.2572920289519045,9.86648774258294
GCTCGCTCATGTCCAA-1,-12.514223019501994,3.8858801942277728
GCTCGGAATTTAAAGC-1,7.323509779182195,10.608579893574364
GCTCTAAACCCTGACG-1,5.654048983927811,7.459641883882333
GCTCTCGGGTACCGAA-1,5.035875892574339,4.6431811568180335
GCTCTTTCCGCTAGTG-1,12.18254424615841,-7.3544179913296155
GCTGAGGCGTGAGTAT-1,3.0101769049837794,-0.43672115285417323
GCTGCACGGTTTCTTA-1,-9.400627606217098,3.553923515814098
GCTGCTAAGTAGTCGA-1,17.14478352983419,8.292514875135947
GCTGCTACTGCGTAGC-1,-0.6501206551666484,1.6033167353993991
GCTGCTCTCCGGACAC-1,10.676536279858867,2.284340463946304
GCTGGCGGCGCATGCT-1,7.431397569867071,-10.107392789424413
GCTGTTGCTACCGAAC-1,-14.985128023457145,-4.8483312522288795
GCTTAATGTAACTAAC-1,-24.78642356515309,-9.557402891407124
GCTTATGAAGCAGGAA-1,-9.424587768329927,-9.336533067164398
GCTTCCGTCCCTAGAC-1,-7.58439924609949,-23.18939160584215
GCTTGGATCGATTAGG-1,10.229992217316209,-9.25172351967464
GCTTTCAGAGGAGGTG-1,6.276102752422152,-9.152064938698922
GGAACTTTGGCGATTA-1,-17.609646843096687,-3.2283481948560975
GGAATGCGCTAGCGTG-1,-8.903816014567017,-24.149993892536738
GGACCAACAGGATAAC-1,11.058017494871251,-5.2277272197358595
GGAGACGACACCTTTG-1,13.998456860201925,-3.3411778611877887
GGAGCACCAAGAACTA-1,-19.00176943929986,-8.713719036087673
GGAGCGAGGCCTACTT-1,27.449818905447504,7.821551034587752
GGAGGGCTTGGTTGGC-1,-8.096459044483264,-17.844108621863015
GGATCCGGAATATACT-1,-10.19174522688778,-16.80344806552419
GGATGAAGATCGCTGA-1,-17.036531334274308,0.6735049437308558
GGATGACGCGAGTTTA-1,-10.052210755883642,16.899506173604216
GGATGTCCTTACCGCA-1,4.181559914856788,-5.065538796478519
GGATTGCTGTGACTCC-1,1.07061471612566,-3.237785460766983
GGATTTCACTTCTATA-1,-9.95416736933611,-21.788474708938015
GGCAAATTACTTTACT-1,-4.025708272361432,-7.156493546250893
GGCAAGCCCATAGTGG-1,24.961501017716284,4.578716870558047
GGCAAGGCGAAATAGC-1,-10.12287903645643,-5.1845083875715225
GGCAATAGTCAATGAG-1,-0.11323999928036567,1.925554567737405
GGCACTCCACTGGGCA-1,4.417945980210758,8.100946550745036
GGCCGGCGTCTGCTAT-1,13.445394321867347,0.4112986823379743
GGCCTGCTCTGATGTT-1,11.467273954681684,-4.637071351423926
GGCGAAATCTAACTTG-1,-21.503543061156897,-7.066832686588864
GGCGCATGAATTGATG-1,-15.66079724547942,-3.664481612187798
GGCGCGGAGATCTTTC-1,6.641995371489903,-13.585052921226291
GGCGCGTTCGAGTTTA-1,-3.2732603826978406,2.8396832329513257
GGCGCTTCATTCCCTG-1,20.885400646464564,8.483685537955871
GGCGGTAGGATCATTG-1,13.263057487776218,10.965780545041662
GGCGTAGGGAAAGCTG-1,12.037291658255992,14.759372257766284
GGCTATTAAGTTGTAT-1,-4.279181802346742,11.657271852434764
GGCTCGCGTTGAGGTA-1,6.567301339141442,-5.274866053711722
GGCTCTGCTCCAACGC-1,-0.1831856164049489,5.680576486500649
GGCTGAAATAGCAAAG-1,-14.161695624211854,-4.990776110056928
GGCTTTCAATAAGGGT-1,4.047745222365291,1.8165151576691374
GGGAAGACGGTCTGTC-1,6.912121719194737,-8.304146804508209
GGGACTGCATAGATAG-1,13.070015405174308,-1.2239864518987884
GGGAGAACTCACAGTA-1,4.125160823034588,5.567813801658838
GGGAGCGACCGTAGTG-1,20.69108984119687,10.603573538703223
GGGAGGATGCCCGAAA-1,-14.834236359573474,-3.6096848874843244
GGGAGTTAATGAGGCG-1,1.8470459500788252,-14.378162245318224
GGGATTTACCGCACCT-1,-20.67350219803687,-7.399733305288367
GGGCAGAGCAATCGTT-1,14.481356654338253,1.3990556901293107
GGGCAGTCAACGCCAA-1,23.571549114572306,9.661149320258135
GGGCATGCATGTCGAG-1,18.208480957023422,7.1627087635511035
GGGCCCGTCTTAAACA-1,-15.885027221791956,-3.512606383797536
GGGCCGGCCGAAGTAC-1,-11.859284891030033,-17.092719545933758
GGGCGATATGTGTGAA-1,4.216689736262699,1.9031305063320636
GGGCGTACATTTATAT-1,3.219062473829198,11.020050736417414
GGGCGTCACCACGTAA-1,7.749322304035344,0.93749689795328
GGGCGTGGTTTCCCAG-1,4.0458744946011755,-5.32339242272075
GGGCTCATCGAACCCA-1,-7.866655726417409,-2.531431633292059
GGGCTGCCTAGGGCGA-1,2.5826748948583003,-3.4853360987319637
GGGCTGGTTAGTCGCG-1,12.85039051143975,4.474263582874816
GGGTCACCGTGACGGT-1,-8.016990867751417,7.092572912211839
GGGTCAGGAGCTAGAT-1,18.218569042002663,11.62288160039792
GGGTCGTGGCAAGTGT-1,-1.975464574970587,9.839946384997168
GGGTCTATCGCTTTCC-1,-4.893214452840125,17.231514641006815
GGGTGACACCTTAACT-1,-1.217864189319046,0.640383718502526
GGTACAAACATGCTAT-1,-4.723771918701527,-4.8294416939243705
GGTAGAAGACCGCCTG-1,4.185195423951568,-7.133253376048495
GGTAGACCGTTGGGCG-1,11.567381219794926,0.08909877039841993
GGTAGTGCTCGCACCA-1,7.172927833808661,3.110853401692906
GGTATTGCCGAGTTTA-1,-4.789890594355426,-10.321716132754327
GGTCAGTGGGTCCCAC-1,24.25381320517809,-3.0200121740009713
GGTCGGCCAGGAGCTT-1,-9.199014221133835,-22.262609575099077
GGTCTCCGTCCAGGTT-1,-9.130497142533704,18.363733056667066
GGTCTGAGAATCTGGA-1,-9.924045721603035,-20.59123392684665
GGTCTTGAGCGCTCTT-1,18.55943223468615,7.605177852317825
GGTGATAAGGAGCAGT-1,-9.33603086914079,-22.533197531692856
GGTGCTGGTACACATT-1,-2.2395735518947646,11.791275977415339
GGTGGACTGCTCTGGC-1,18.897067552097134,1.9005368487025975
GGTGTAAATCGATTGT-1,4.68799012665634,1.2023043001642262
GGTGTAGGTAAGTAAA-1,8.183876079618608,-2.9666394196746895
GGTTAGCTATATGTCT-1,-15.283125117669035,-4.495634157456906
GGTTTACAATCTCAAT-1,-9.302341779164719,5.462178911365458
GGTTTAGCCTTTCTTG-1,-6.184108790103664,17.124888825620175
GGTTTCAATCGGTCAG-1,2.6293533704088254,-6.624731580908576
GGTTTGTGACCTGAGG-1,-6.671878601551148,17.691007760494593
GTAAGCGGGCAGTCAG-1,21.71525811871966,8.75903411786315
GTAAGTAACAGTCTGG-1,-22.062593626979883,-9.530755131799832
GTACACTTACCTGAAG-1,0.15651948375776106,-8.906391861921827
GTACAGAGGCAAGGGT-1,-18.973960188527194,-8.666069076666355
GTACGAGATTGCGACA-1,24.71940151978452,7.713375950056864
GTACGCTTCATTGCAC-1,-22.736880382150087,-4.621440890917939
GTACGTTTGCCCGTCA-1,-5.887968123996205,2.4177105825002294
GTACTAAGATTTGGAG-1,-5.476149622034295,12.28526497609835
GTACTGGAGTTAGACC-1,-8.26472901407261,-20.481489622600584
GTAGACACGCCTGACT-1,9.495441559830073,3.8137184110336837
GTAGCCAAACATGGGA-1,-0.5291019155580556,-3.4792098478179283
GTAGCGGCTATACACT-1,-0.3801153570042245,-2.134506925854991
GTAGCTTCCTCTTGTT-1,-11.563368479932489,-11.289804657734305
GTAGTCGCGGGAATCA-1,-15.405809300472052,1.5935864059773945
GTAGTCTACGATATTG-1,12.426107339494832,-4.763561179284029
GTATCAAGGTACTTCC-1,18.383807435790334,6.046443290122814
GTATCTTTCATAACCA-1,-8.310479062290353,-5.976038347596371
GTATGTGGGTCTAGTT-1,-19.879220928304154,-2.912325715132862
GTCAACCAGGCCTATA-1,-9.691065417523701,20.47442264838373
GTCAAGCGGACTCGGG-1,-9.584085840582183,-14.70728649488053
GTCATGCACCTCCGTT-1,11.021123014047355,-2.152802657880022
GTCATGCGCGAGGGCT-1,15.124435918224455,9.667765953504919
GTCATGGACATGACTA-1,19.092088240271483,4.55525953747902
GTCATTAGAGCGAACG-1,16.619526674711803,-10.655243520853361
GTCCCAACGTAAAGTA-1,-5.5544405027298,-6.957011822030191
GTCCCGCGACGTTATG-1,8.283905266300115,4.770842721037771
GTCCGGACCTGAAATT-1,2.5413888067031074,3.615570160512497
GTCCGGCTGAATTGCG-1,-9.612404008672074,19.938377546376422
GTCCGGGTTCACATTA-1,-1.337101486347871,3.343160637693007
GTCCTACGAATAGTCT-1,-7.26168663414039,13.26324882467078
GTCGCGTAACCCGTTG-1,-7.494035474805298,-23.080944460584938
GTCGGGAAGCAGAAAC-1,12.141089845959298,2.9571995253498646
GTCGTACCATCTCGGG-1,5.418299071818349,-3.1494114780436977
GTCGTGTCTGGTCATC-1,21.42896040524948,12.007461999087374
GTCGTTATTCGCTTAT-1,-24.081523149864942,-8.35843033924107
GTCTAGTGAGCCGCTT-1,12.455607091081324,6.825967705819284
GTCTATTGCATGCTCG-1,-8.41751859808657,20.513824206371144
GTCTATTGGTTCCGGT-1,-5.357068186121899,4.011018592317557
GTCTCAAGGCCCGGCT-1,14.18008288122923,2.4973882065070203
GTCTCCGCCTCAATAC-1,-1.6940975599751973,-11.834264656094026
GTCTCGACTAAGTTTG-1,8.43277746250915,-10.895395184017328
GTCTCGATCTGCTTTC-1,21.634421954782564,8.630186392741711
GTCTGGGCGGTCGAGA-1,6.719213589483472,8.522506014411436
GTGAAACGGCGCCACC-1,7.881066111393669,-0.639127860594195
GTGACAGCTTCCCACT-1,4.261550047955004,-13.342247891341223
GTGACCGCACACTACG-1,-13.553033525547644,-7.773780704290797
GTGACGCAGGTTTCAT-1,15.939527534020398,-2.494271859654434
GTGACTTCAGTAGTGC-1,5.4089245718338255,6.620831351003819
GTGAGGACACTTAAGG-1,-9.809656472466262,-22.203407777904207
GTGAGTGGTACAACGC-1,13.82381009876193,9.888838457754561
GTGATCACTAACGCCT-1,-9.927849747872942,9.831797779598073
GTGATCATAGATCTGC-1,-21.992163918961435,-8.068698597088206
GTGATCCTTGTCATGA-1,7.927841730145711,-14.73562197646664
GTGCACCAGCTTCAAC-1,18.218161512202496,5.935982537768705
GTGCCCGTTCGGATTC-1,-22.42501480510178,-8.626001630171894
GTGCCGCTTCAAAGGT-1,-2.942940389891948,13.028689360948347
GTGCGAAATCGAACAC-1,-7.296521612641885,17.87404666130684
GTGCGTGTATATGAGC-1,-24.057232162176714,-9.277014653966638
GTGCTCAAGTACTGTC-1,-13.14457609248349,-1.2447662363131569
GTGGACGCATTTGTCC-1,13.332749042337847,-6.5823711698351115
GTGGTGGCCAAGTGAA-1,-22.636664309090442,-4.948046298396058
GTGTACCTTGGCTACG-1,-12.189660722838967,-15.682449181634176
GTGTATATCAGCGGGC-1,16.230578521825763,2.693818801359316
GTGTCGTATAGCGTTC-1,21.05740353414954,10.202242041884578
GTGTGAATAACTTAGG-1,-11.95906590001882,-18.18342688621275
GTGTTACTATGCGTCC-1,-10.508641520241511,-20.655056216502608
GTTAAAGTAGGACTGG-1,-11.748497231996696,-4.128086787736467
GTTAACATCACTTAAA-1,-7.503755096678757,-12.382106543624808
GTTAAGGGTGCGATGT-1,14.963263802666122,-0.9415592253350065
GTTACCTACAACTTGC-1,1.334471066541692,-9.34397629515579
GTTACTTTGGGCCTAG-1,-14.567920596044216,-5.313154588144396
GTTAGCCCATGACATC-1,23.30241706792825,8.154782321745678
GTTATATCAGGAGCCA-1,-6.158166375868659,13.312458419922244
GTTATATTATCTCCCT-1,-8.53383185490663,-0.22372769057789813
GTTCAGTCGCCAAATG-1,4.522466142861382,12.77766100671611
GTTCGCCATAAGTGCC-1,-20.33783166642511,-6.024443170573693
GTTCGTCTAAAGAACT-1,-10.54291849402519,0.7156795521016809
GTTGAGTCCCGCCGGT-1,-6.462661893605847,-9.13549603539557
GTTGGATTGAGAACAC-1,-9.132478562532828,-15.38762269818834
GTTGGATTTGCGTTGG-1,-6.957708348404293,-3.8313322163316985
GTTGGTCATGCTATCC-1,6.745293098637008,-8.845569039563628
GTTGTAGATTTATGAG-1,-4.694722367527659,-10.46187416106538
GTTTACGTTCCATCTG-1,1.312231177677777,-3.236396433458977
GTTTCAAACGAGTTGT-1,-8.076063105119623,16.621943472623094
GTTTCCTGGAGGGTGA-1,6.90049546148791,1.5495942862833032
GTTTCTGCAGTCTCCC-1,1.155337358780703,-11.103465718284236
GTTTGACCAAATCCTA-1,0.8107883635068839,-19.136063780140606
GTTTGGCCCAAGTTAT-1,-21.99350049506893,-8.273809881721244
GTTTGGGCTTGTGAGC-1,10.135876642235383,-9.597456434031198
GTTTGGTAGGGTCAAC-1,9.665288272447988,6.752727686685938
TAAAGCGTTAGGAGAA-1,-17.893854747869906,-7.810306252077065
TAAAGTGCACGTCTCG-1,22.30209866098438,9.861620499331528
TAACATACAATGTGGG-1,-6.13995931164054,-4.291828341139752
TAACCTAGGGAGTCCA-1,-7.990472214953532,16.491586486263415
TAACTCATCCGCGCGG-1,-7.838232174537779,0.15052261476713816
TAAGGCAACATAAGAT-1,-8.190783903784856,-5.783674326966073
TAAGGCCCGTCACCCT-1,-1.0397203617868263,-4.4595712799448375
TAAGGCTGAATCCCTC-1,-5.021639484560902,0.6236296080561119
TAATACACAGTAGTAT-1,8.367982293637072,4.80842047906245
TAATACTAGAACAGAC-1,7.526711185690944,-2.4193179450815454
TAATAGTGACGACCAG-1,-9.98097315834673,-21.375622659731047
TAATCGATCCGTACGT-1,11.946153728283639,8.327126901329665
TAATTACGTCAGTAGA-1,-4.194426863644696,10.290708439907355
TACAACGCACAACTCA-1,-15.344175898919952,-7.842281902359225
TACAGAAACGGTGGGC-1,16.724573580036328,-3.449634630488557
TACATAGGCATACACC-1,-0.35318029677568435,-8.70718937840684
TACATTTCTAACGTGC-1,-6.185596202087623,1.785111184861843
TACCAAATAGCCCAGA-1,9.983900870024554,-7.7943683723655095
TACCAATAAAGTACCA-1,-5.782268306566923,-6.332963233055524
TACCAGAAGTAGGTTC-1,-2.682571238601364,-9.89035380013075
TACCGAATAATTGTAA-1,-19.103316693322107,-0.04961971920697796
TACCGCGGACTTGCAG-1,13.187184270119781,2.143498910980473
TACCGGCTCACTGCCC-1,10.726133503174433,-2.3418784128700074
TACCGTAGGTTAACTA-1,-0.28665160151914804,-5.837080221468104
TACCGTGCCTCGGACC-1,4.884869388245145,-7.211192346891656
TACCTACTCCCAGTAT-1,10.051264931741004,-7.766019923525569
TACGAACACGACTTCA-1,17.982539620158548,-0.7096803248256381
TACGACGCTTGCTGCG-1,5.858471798887832,6.336920142357819
TACGACTGCCTCTTAG-1,5.4540820952774265,-4.158813063035536
TACGAGAACTTCACGT-1,-3.8108729161732473,19.023141869382844
TACGCAGTTCTTTCCT-1,-17.14181885006614,-3.5630791708994836
TACGCCATATTCTAAT-1,-3.9899513814061773,-7.271235446544965
TACGCCTCCATTCCGA-1,8.684305315554687,15.207935182156678
TACGCTCCTAGAACTG-1,19.750962999291094,11.35797150983435
TACGGAAGCCAAACCA-1,10.755121453875082,10.62156827123325
TACGGGATGCTAGCAG-1,11.923964930041205,12.297622371477201
TACGTAAAGCGGAGTG-1,-9.297206074197602,18.3920343147606
TACGTGGGCCCAGGGC-1,17.99116390336399,9.129748858108973
TACTCTCCGAACAAAT-1,11.079853361864846,2.029033962548165
TACTCTTACTTTACTG-1,-9.966635979102389,9.152037241318533
TACTTGTTAGTAGTCC-1,-8.404869505279477,-6.258377440613533
TACTTTACTGAGCCGG-1,2.8245840067251264,-7.731358441269091
TAGAAAGGTGGCGCTA-1,-9.903653418125108,-20.25610595047964
TAGAATAGCCGATGAA-1,-0.6540143813933642,15.23047550351642
TAGACGAAACGCCAAT-1,9.483099713206563,-0.011469551946796054
TAGACGCCCGTACCGG-1,-6.051523946049377,-12.058710467005527
TAGAGGGAGTTTATCT-1,6.919238568775877,1.4399200360178275
TAGAGTCTAAGCGAAC-1,-7.542510388435786,14.704030605678726
TAGATATGGACTGGAA-1,-2.794062965287615,-4.1011249981463065
TAGCAGTATGACTAAA-1,-9.96906897195995,21.683414913821892
TAGCCATTTCAAAGTC-1,-21.008074486504842,-8.59760763350549
TAGCCGGCGGTCAGCG-1,-9.664774442290092,-21.716959732483463
TAGCGTCCGGTGTGGT-1,2.3644439604375744,0.05230740392619262
TAGCGTTGGGTCTTAC-1,-6.838407305925225,-5.550700965961534
TAGCTAAGTCCGGGAG-1,10.815661721713507,7.433304425030809
TAGCTCGCCTGATAAC-1,9.469542523813063,9.302425133918648
TAGGCATGTTACGCCA-1,25.870906376256364,5.854054195007384
TAGGCTAAAGTGGCAC-1,-6.984157216404073,20.288870918282125
TAGGGAGCTTGGGATG-1,-9.875481581883925,8.701917373559619
TAGGTCGCCGGAACTG-1,21.57412465070288,6.975875116328845
TAGGTGACGATAACCT-1,-3.016744046929039,8.773627555015342
TAGGTGCTCGCCTAGC-1,-23.44682925869567,-9.224406565981814
TAGGTGTTCCACAGAT-1,12.229728051637556,15.242649960891875
TAGGTTCGAGTTCGTC-1,0.3243066441596634,-0.8499417118303946
TAGGTTCTGCTGAGAA-1,7.463166769496072,-2.3118705663736434
TAGTCCGCAGAGAATG-1,-7.2953727464196865,1.028487211663013
TAGTCGATCACGGGTT-1,-16.662591278432153,-2.0805230703830255
TAGTGCCCTCCAGAGT-1,9.893405619239163,2.7481007361142793
TATACACAGACGCCTT-1,12.020448014260458,9.215359982403186
TATACGCGTCATCACT-1,-2.213205305667516,-1.2857870649131853
TATATCCCTGGGAGGA-1,-3.417906558090171,-3.551915113498801
TATCCAATTGGTTATC-1,-2.4936059353449553,-8.611126991461113
TATCCGCACCGTCGGG-1,-1.8344101825111443,12.504336362103988
TATCCTATCAACTGGT-1,5.4280643784024125,-9.954714344180802
TATCGATCTATGCATA-1,10.000585427963076,5.421504517359628
TATCTACCACAGCGGG-1,1.7204804607771598,-5.055463315570461
TATGATCTTCTCTTTA-1,-8.502078476804591,-0.31233079191817703
TATGCTCCCTACTTAC-1,8.110007033914835,11.017161978163841
TATGGATGTGCTACGC-1,-6.501828093140156,18.55022706683115
TATGGGACCGAGCAGG-1,-18.74162630779186,-3.2796560821847356
TATGGGTACGTATCGT-1,14.94327573982452,-0.13392256212038922
TATGGTCTGAGTAACA-1,-17.271840637057192,-7.48664570412989
TATGTCTCATTGTGCC-1,-6.220492555573474,-13.3602737277625
TATTACCATCCTGCTT-1,-15.03998392783472,-2.822339533183562
TATTCAATTCTAATCC-1,-11.140860216939208,-10.788270366116908
TATTCCACTCAGCTCG-1,21.518314610229993,2.6528352071453436
TATTCCGAGCTGTTAT-1,-3.2750689889753817,-5.227973442709831
TATTCGTGCCAGAATA-1,-1.9698341902270067,3.2220925093700923
TCAAACAACCGCGTCG-1,16.077739140274108,8.44490723408055
TCAAACTTAGATTGTT-1,-4.806559098979679,2.8090370973685146
TCAAATTGTTGTGCCG-1,22.649972740790798,7.260909145721479
TCAAATTTGAGACTCA-1,2.9154928794851065,-5.664095537823647
TCAACCATGTTCGGGC-1,-5.713754060744667,14.833603184241232
TCAACGAGGAGACAAA-1,-14.369897844786637,-11.578897837812493
TCAAGCGCGGACGGTA-1,-3.7524252167508947,16.358710562494352
TCAAGGTTACTACACC-1,-4.430535879249589,10.498211071689171
TCAATACGCCGTCATG-1,21.82482499535656,4.055246822517536
TCACAGGGAATCGCAA-1,-22.53258890598055,-7.041750146119137
TCACAGGTTATTGGGC-1,14.250303537510186,6.902547054036896
TCACCCTCTTAAGATT-1,-22.72013027657389,-6.559316624764764
TCACCGCTCGGCACTC-1,-15.711492455409191,-6.604260728572173
TCACGCATTGTAGATC-1,1.3911303445132157,-10.674222428397679
TCACGTGCCCGATTCA-1,2.010562067577786,-5.622227422755
TCAGACGCTATAGAAG-1,-16.046707201893714,-0.360897014476764
TCAGCAAATGCATCTC-1,3.0017137298736323,-11.267377523254584
TCAGCCAATCCGTAAA-1,-10.022478399331487,20.75010487564411
TCAGGGTGTAACGTAA-1,1.5836056080321799,0.06276150541072914
TCAGGTTCTTTGAGAA-1,-7.800691585433029,20.18524505469557
TCAGTAGGGACTATAA-1,12.436524232180624,6.363784656036994
TCATATGAGCTTTGTT-1,-1.4070173560349615,-4.653052902637601
TCATCCTCAGCTGCTT-1,-11.016900015561973,0.9278073687325027
TCCAACTCAGCTATCT-1,-2.8229996467260148,-1.0141967611077078
TCCAAGCCTAGACACA-1,4.5352647874287975,0.9251166238127935
TCCAATAAAGGCTACC-1,15.570268986209648,1.1052843273057742
TCCACATCGTATATTG-1,4.466072465209824,-5.103518398251521
TCCACCTCTAGCCTTT-1,2.051176789692253,0.8303165861369515
TCCACTTTATCTAGGT-1,-9.229436774308589,-23.53236921979256
TCCAGAGCACCGGTTC-1,2.4707717212429614,3.3139585140982963
TCCAGATGTACGCCAA-1,3.28331095365642,11.005298764551638
TCCAGGCAGGACGATC-1,16.19532522545215,2.83471237425097
TCCAGGCGAGTACGGT-1,13.145918616867101,-3.933662066019884
TCCAGGGTATATACGA-1,15.416875650061911,8.932429017558643
TCCCAAAGACGAAGGA-1,10.366741756274646,-5.819016547936708
TCCCACTCTCTTCCGG-1,-9.020994081103593,0.7823786628522745
TCCCAGCTTTAGTCTG-1,-14.40717743853895,-7.34473344900938
TCCCAGGCTTAGCTAA-1,17.724474473205646,-2.229223602194722
TCCCGCGTACTCCTGG-1,-3.901236792310791,-0.21627279933289223
TCCCGTCAGTCCCGCA-1,5.395156485132115,6.397779426701531
TCCCGTGTGCAATTTG-1,-21.039592618767728,-4.583715724572138
TCCGATGACTGAGCTC-1,8.287883921722939,11.455942571670558
TCCGATGGTGCGACAT-1,12.467331701011902,6.891963306087561
TCCGCCTGTCTACAAG-1,14.904910569356819,5.923447951699819
TCCGCGGCAGCATCTG-1,-10.776792258348602,-19.933236397065695
TCCGCTGTCATCCCGG-1,-20.742418525124148,-5.65688363021785
TCCGCTTATCCCATTA-1,9.387164732298004,14.790536887602533
TCCGGCCTAGCGTACA-1,13.214877255655283,2.166491431864231
TCCGGTTCGTCCGGTC-1,-2.405305955545355,16.90326739110009
TCCGTTTAGCCTTGAA-1,-19.16176873401255,-9.522102113719443
TCCTAAAGATTCAGAC-1,15.760322891916653,11.12253936260254
TCCTAAATTGGGAAGC-1,4.631461610919679,0.724000220852259
TCCTACATCCACGGCC-1,-20.706727575179244,-5.022124117200682
TCCTCGGGCTGGGCTT-1,-9.281579459351267,-22.810053443281326
TCCTTACGACGGTCCG-1,-8.002298241483482,9.498447683852936
TCCTTGTCCTTTAATT-1,4.25304225397151,-4.951151366316349
TCCTTTCTTACGCTTA-1,0.8194747730024977,-2.3430417273069057
TCGAAATTTAGGACCA-1,-2.00149562604652,12.565949336180386
TCGAAGAACCGAGCAC-1,-11.74644212262417,4.235700270165877
TCGAGACCAACACCGT-1,-13.620625691446774,-3.993105076199739
TCGCAAAGATGCATTT-1,-21.947012587272855,-4.913490874949278
TCGCACCAGGAGGCAG-1,-8.9567940651016,-3.7148743303525613
TCGCATAAAGGGCGCA-1,-3.3223446754515713,14.452426402112758
TCGCCGACATATTCGC-1,20.693117541233274,8.249913226494334
TCGCTACTGGCTTTGA-1,11.205200768541566,-11.909112928875487
TCGCTCGATATATTCC-1,14.287443579523574,2.576157019770688
TCGCTCGGCACCAGCG-1,-5.6619663326037255,13.534424259641362
TCGCTGCCAATGCTGT-1,13.018565758858268,-8.830582482432582
TCGCTGGGCGGATTGT-1,12.155358367103016,-0.6966064919003423
TCGCTTTAAACGTTTG-1,-10.268832547665713,-6.4909874642551415
TCGGACGCCCAGCCCA-1,-6.4621567599974306,-14.314727284586526
TCGGAGTACATGAGTA-1,2.202416198882733,-5.899905582182607
TCGGCGAACCCAAACC-1,-6.860457985799121,9.932215262993768
TCGGGAGACAGCGTAC-1,-0.4330706032489586,-0.23044215465074946
TCGGGCCGTCGTGGTA-1,-24.8882105138435,-9.328990974914669
TCGTAAGACGACATTG-1,-10.756202943040197,-20.680639164831646
TCGTACCGACGTCAAG-1,20.113595547644675,5.991834819486934
TCGTCTTAGGCGTTAA-1,-1.281467331742912,-7.80598396146412
TCGTGTACTATGGATG-1,20.427036722997613,6.766980217598197
TCGTTAGGAGTCCCTA-1,1.204706837334231,3.8150680350579727
TCTACCGTCCACAAGC-1,13.738071046755364,-6.7991722138754085
TCTAGCATGCCCAGAA-1,2.487271507835181,1.4911187295974868
TCTAGTGATATCGTGG-1,-1.2355461018828497,-2.398820790158472
TCTAGTTATCAGAAGA-1,-20.826144430496154,-5.27020982760407
TCTATCGGTCGCAACA-1,23.271204807386,10.593481972304925
TCTCATGAGATAGGGT-1,-17.111805365949145,-3.3038239512094045
TCTCCAACGTAGGTTA-1,20.2144990464814,10.39225795787974
TCTCCCTGGGCAGCGT-1,-0.5911348427308225,-12.764091232408969
TCTGAACTCGTACCCG-1,-4.765942278451149,-2.804482158365395
TCTGAAGCACGTGGTC-1,15.058571810289974,-3.2296512438059732
TCTGAATTCCGTACAA-1,-1.650783720778073,-10.792427757197636
TCTGATGTATTCTGTC-1,-13.13251253227383,-4.93926282727252
TCTGCATACCTTGCTT-1,-8.03930168976648,20.54129528443741
TCTGCCAGAAACTGCA-1,-12.295995889526225,-17.641976725890657
TCTGGGAACCTTTGAA-1,-3.227354201210956,-4.423773928716044
TCTGTGCCATCATAGT-1,-9.086628969735862,-23.698371252036424
TCTTACTTATGCCTCT-1,-15.910619403101606,-1.3694832491568791
TCTTAGAGTGAACTCT-1,-14.008297085804147,-0.2505477893510535
TCTTCCCATGGGCACA-1,17.60551124085497,-3.548620517617747
TCTTCGAATAGACGTT-1,-4.798729638044833,-0.3597400484433469
TCTTCGATACCAATAA-1,-1.1835850103784231,-12.428462403938584
TCTTGATGCGTAGCGA-1,8.518599688444569,15.07411655322108
TCTTGCTCCCGATACT-1,9.456331406845873,-3.0109175252394937
TCTTGGTAACACCAAA-1,18.7605796243171,6.538348312461309
TCTTTCCTTCGAGATA-1,-7.616518898932477,17.016558553842035
TGAAAGGACCTGACTC-1,-9.598343454340005,-21.33495690541714
TGAATACCGACGCGTA-1,10.071716164267425,-9.952588753981567
TGACATGTAACGTGAC-1,16.823406824653556,-9.536223311281143
TGACCAAATCTTAAAC-1,10.17970555827452,3.4658429675243316
TGACCCACGTTAGACA-1,-2.3678860735924423,10.901239560626099
TGACGATGCACTAGAA-1,-14.737077117934474,-5.707335875248571
TGACTATAATCCTTTC-1,-12.24034044443827,-6.693567291576885
TGAGAGATTTACCACG-1,-17.37417223198826,-7.198694810922444
TGAGCGGAAAGTGTTC-1,6.077497786463207,-2.7867713588084673
TGAGGAGTGCCAGCTT-1,17.98172712590468,0.12866663139199216
TGAGGTGTGTGGCGGA-1,17.72507481962348,11.921779481307512
TGAGTAAATTAGCGTA-1,-0.632992241496752,-1.9863664915072976
TGAGTGCCTCTTAAAT-1,-4.875961876894315,15.961210670802979
TGAGTGGTCCGTGACG-1,-9.539976652274426,-21.83914038504985
TGATCACCACACTGAC-1,7.314776406386873,11.422682563051593
TGATCGGTTTGACCCT-1,-5.503608551235495,16.180849535271545
TGATCTCCGGCGCCAG-1,-8.475197899216672,19.339950638180092
TGATTCGTCTATCACT-1,-8.2603421505096,16.772669256381512
TGCAAAGTTCGTCTGT-1,5.547647720441209,-11.463217805318978
TGCAACCCATCTGCGG-1,-0.3445359012812619,10.297931019127438
TGCAAGAATGACGTAA-1,-8.200139026225358,6.543533939042983
TGCAATCTAACACGGT-1,12.35439521565544,-1.7485136983245175
TGCAGAGTACCGAGCA-1,-5.524734481606092,12.209527765434354
TGCAGGATCGGCAAAG-1,-7.530299333612605,-1.4371417233998396
TGCAGTTTCCTCCCAT-1,-20.456761383602245,-5.831530163264364
TGCATATGTCTGTCAC-1,-20.454921103263672,-9.967492716662958
TGCATGTGGTAATCTA-1,-9.170587173024392,-23.11432480827486
TGCCACCTGGCGAAAC-1,23.001822124823182,10.380265513657807
TGCCAGTACGTGGAGA-1,17.00672770199295,-4.7781215791939555
TGCCATTACTAAAGAA-1,19.258369763968986,2.881340813810895
TGCCCGTACCGTTAAA-1,-24.5550517109265,-9.115129634135998
TGCCGTGGATCGTCCT-1,21.66512762676503,5.321414594734801
TGCCGTGGGACCCAAT-1,21.315176031248683,7.330597887165898
TGCCTTGGCCAGGCAA-1,-8.720472271641496,-3.5360832082226303
TGCGACACCCTAGTGC-1,-8.95498914411157,20.113766827880863
TGCGCAAAGCATTTGG-1,16.330885885775885,3.153910898689222
TGCGGACTTGACTCCG-1,23.749668275411803,5.756299294457048
TGCGGAGTAAAGGTGC-1,23.11202222835374,7.290128267128515
TGCGTAAGAACCTGAT-1,-6.194238864288509,13.808346661318149
TGCGTTTGTTGACACT-1,-11.204321691876736,-18.795387003020796
TGCTAAGTGTCTATTT-1,-7.336151398846321,-3.840369360878235
TGCTCCACAGTTCTTA-1,-9.041558148916815,3.2622309266267857
TGCTCGGCGAAACCCA-1,7.740591328930122,1.1789321246351738
TGCTCGGTGGGTCACC-1,2.987856907948042,-8.214975742972403
TGCTCTTGAGAGTTTG-1,-4.492385253103534,-12.076653753978155
TGCTGTTGAAGAACTC-1,-4.657404825462362,-10.437336524804486
TGCTTCCCAAGCAGTA-1,17.64878795158682,0.2734541527768758
TGGAAGGATAAAGATG-1,19.435886603966498,10.146676216714635
TGGACCAATCTAAGAT-1,-7.234752308534252,-10.321111998797383
TGGACTGTTCGCTCAA-1,-8.119927321694377,0.6727154836303011
TGGAGTGATGCGATGA-1,-9.744823027949115,21.624021656792273
TGGCAAACTAAATTAC-1,-11.560293418005523,-3.6497958414314398
TGGCAACTCGCGCGCC-1,17.77650941791194,7.869535045561837
TGGCAAGCACAAGTCG-1,19.52072387172377,8.165884503088337
TGGCAGATTACGATCA-1,-17.524007715319506,-6.421602140745014
TGGCAGCAGTAATAGT-1,-3.9077525435232565,-5.758117696781148
TGGCCAAACTGAAGTA-1,-8.529877784524334,-22.06939739063546
TGGCGATCAAGTTATG-1,5.688060397456706,9.106073285254677
TGGCTACACTCTACCT-1,-6.295559532231896,17.592945054306572
TGGCTATGTGACATAC-1,-9.651155614830843,-6.381900353044624
TGGGCCCATACTAATT-1,-7.22355571193943,-1.8329892535233845
TGGGCGATACAATAAG-1,12.431521864107074,-13.066251789065147
TGGGTGCACAAGCCAT-1,21.574360680324748,10.827432364002075
TGGGTGTTAAGTAGAA-1,17.52307752786748,2.7962936411404398
TGGTAGAATATATGGG-1,-6.393291678520292,10.792989898218071
TGGTCCCACGCTACGG-1,17.36733509746067,-1.0454616402843007
TGGTTAAGGGCGCTGG-1,15.308121862683612,9.065100040579852
TGGTTCAACGGGTAAT-1,-4.103992115690178,1.3066676986990151
TGGTTCGTAGCAAAGG-1,18.76391038369655,4.693461723975128
TGGTTTAAACGTGGGT-1,-8.50553690548746,16.739337707259835
TGTACCTACACGAGGG-1,-2.1733711719114535,0.26493454945578715
TGTACGAACAAATCCG-1,-8.365040372630594,-18.245681519367462
TGTAGGAGAAATTTCC-1,-8.443004956191293,-13.584197009541741
TGTATAACAGATCCTG-1,-9.129539786619727,-23.62592051644465
TGTATGGCGCAGACAG-1,-14.664087311657967,-6.323335079975349
TGTCCACGGCTCAACT-1,-9.534351493301541,21.118196987473915
TGTGACTACGCCAGTC-1,17.597976879576674,6.035185369195413
TGTGAGACTAGCCCAA-1,10.654896165316895,-0.8369899335169486
TGTGGCAAAGCGTATG-1,-16.606982252043807,-6.990873014239474
TGTGGCGGGCTTCTGG-1,19.559923015209964,8.066067734353092
TGTGTAGTAGCACGTG-1,-6.5208578265498005,18.616551333556828
TGTTATTGTATGTGGC-1,-17.685486132300888,-6.325128146426519
TGTTCCGCTTCCATGA-1,12.724284135052509,5.319616757273952
TGTTCCGGCCTGAGCT-1,16.730946194622128,-0.499397406341069
TGTTCGTATTGCGGTG-1,7.185421942517242,-12.194133684771213
TGTTCTTCCATTGACT-1,-4.732290255130909,11.38786132619111
TGTTGTCAAGAAGTCT-1,-11.39986205267755,4.041118628740371
TTAAACTCGAATTCAT-1,-4.701565544886536,-7.714953637562518
TTAAGATAGGATTGAC-1,-10.812763486106109,-0.9121619781934908
TTAAGCGCCTGACCCA-1,10.841077890655248,5.450792281107926
TTAAGTATTGTTATCC-1,-1.1769238660041907,-6.223578127760597
TTAATGTAGACCAGGT-1,6.87871176862511,-2.6456613101303508
TTAATTGCTTTGGGTG-1,6.754663683945905,2.0914554527380163
TTACAACTACGCATCC-1,5.507673602400391,3.951174701423113
TTACACGATCTGCGAC-1,-7.096147270827544,16.80434280324447
TTACAGACCTAAATGA-1,-2.1231781205716826,7.528460542029855
TTACCCTAGGGATTGG-1,9.694843046934384,-5.586784766656851
TTACGGATGGTTCGAG-1,5.547412611276791,-4.894029859868886
TTACTAAAGGACTTTA-1,-21.840127412297832,-5.430276332600713
TTACTCCGGCCGGGAA-1,-9.678022548535766,-8.833087708593924
TTACTGGGATATTTCA-1,-20.64798505068998,-9.571731455639556
TTAGAAGAACATGACT-1,-7.691262532271536,-10.234236115817513
TTAGACGAGTCACCTC-1,-19.348397643288138,-6.286731753201866
TTAGAGTTTAGAAGGA-1,-16.783485416758204,-9.34364138874686
TTAGCTGATTTGCCGT-1,-22.58805239538986,-7.586079600367664
TTAGTTATTCGTGGCA-1,-12.446090344431578,-0.09446017644694268
TTATAGGTAATTGTCT-1,-9.70135376327926,-3.5031589009025725
TTATATACGCTGTCAC-1,-7.0845321245712904,-14.429042992435004
TTATATTTGGCAATCC-1,3.2666458640576552,6.234080942429868
TTATCCGGGATCTATA-1,-20.16465772758674,-3.916270989570416
TTATCTGTATCATAAC-1,7.721714279692366,5.092012520915666
TTATGAATGAAAGGGA-1,-8.14925083175853,-8.370953095833565
TTATGATCTTAACGAA-1,-22.14769931458512,-9.26626091142286
TTATTAGAGCGTGTTC-1,-10.015954795980315,-3.4833537793679734
TTCAAAGTCTCTAGCC-1,-7.4793722894144,-10.49708093341582
TTCAATACTCTGAATC-1,-14.574047506869166,-9.288847976019117
TTCACGAAAGGATCAC-1,-13.15643991930797,1.6398634824951297
TTCACTCGAGCACCTA-1,24.889166086645037,5.857864645252497
TTCACTTCCTAGAACG-1,18.105272847862157,5.037969748608391
TTCAGCCCTGGTCCAC-1,-18.183670775444643,-7.226827705758477
TTCCATCGACAGCGTG-1,-7.205848919073257,16.735845982636572
TTCCGCGTGAGGCGAT-1,0.42493961866726515,-0.9475774264152116
TTCCGGTTACCCACTT-1,-20.171786942076633,-9.830902883959322
TTCCTCGGACTAACCA-1,-17.942608857186517,-3.297927009104267
TTCGACAGAGCCCGTG-1,24.696226937499826,6.9246184069731544
TTCGCACTGTACGACA-1,10.08430408597257,14.363161339218673
TTCGGGACTAATCGCG-1,-0.47465295612350406,-10.145323465120812
TTCGGTACTGTAGAGG-1,13.485264550169834,-5.960344345081416
TTCTAACCGAAGCTTA-1,-6.124507286721967,-11.780809957105632
TTCTATTAAACGCAGC-1,12.070458584696514,-7.161883321210852
TTCTGACCGGGCTCAA-1,-12.053169036775694,-3.657076117624201
TTCTGCCGCGCCTAGA-1,2.887042110379532,-1.5702717268220365
TTCTGCGGGTTAGCGG-1,-8.988210000711593,-19.697087002105977
TTCTTATCCGCTGGGT-1,-7.599648493892228,11.13513779452442
TTCTTGGAGTAATGAG-1,20.504164131231008,5.547261849801361
TTGAACGACGTGCTGA-1,11.669538066467794,-0.7580759479260315
TTGAAGAATTCCCAGG-1,7.9045130126357215,9.025790660303223
TTGAATATGGACTTTC-1,-9.587695942626643,-14.312481662697303
TTGAATTCACGTGAGG-1,-11.10771490739307,-0.010077563318676147
TTGACAGGAGCTCCCG-1,-8.971583612572713,3.4541368209840546
TTGACCAGGAACAACT-1,13.508037073156228,-1.9890661879103122
TTGACCATGTTCTCCG-1,-6.917208515003047,5.490749717987799
TTGACTACCATATGGT-1,-7.183162098585294,11.962934558333481
TTGACTATTGTCCGGC-1,7.873713626575531,15.565171888717227
TTGAGAAGTTTAGCAT-1,-7.739585705245328,1.1703813650977963
TTGATCTAACTTTGTC-1,-5.8659838203720955,6.884841641550157
TTGATGTGTAGTCCCG-1,-16.984829587530367,0.5979004395331532
TTGCAAGAAGACTCCT-1,4.0213229529632075,-2.050898257703512
TTGCACAATTCAGAAA-1,-11.966840222094069,-17.47249657589431
TTGCACGGAGCAGCAC-1,15.17647747496455,9.643369896716678
TTGCCGCTTTCTAGTA-1,0.040631373362377654,12.324696838372601
TTGCGTGTGTAGGCAT-1,21.46269947084873,11.365970206380666
TTGCTCCCATACCGGA-1,20.263602599198492,10.656692306419137
TTGCTGATCATGTTCG-1,15.22338012264265,13.844268557374589
TTGGACCTATAACAGT-1,-5.783973040415715,-5.596891433655146
TTGGATATCGTCTACG-1,0.13698081479790114,8.222731505377176
TTGGGAAGACGAGCCG-1,16.953912060272746,5.50178731544053
TTGGGACACTGCCCGC-1,9.458408312157935,3.3340403894659976
TTGGGCGGCGGTTGCC-1,-8.093734418343692,-23.138221229650917
TTGGTCACACTCGTAA-1,20.342126339339746,-3.1290045912891262
TTGTAAGGCCAGTTGG-1,-10.340136276383403,-19.000587880972784
TTGTAATCCGTACTCG-1,-17.82016650659133,-5.616478194448351
TTGTCGTTCAGTTACC-1,19.275059531866226,9.783454908240596
TTGTGCAGCCACGTCA-1,11.818043330177614,-3.4020031303386564
TTGTGTATGCCACCAA-1,1.7812491432775945,-1.9065555750170147
TTGTGTTTCCCGAAAG-1,13.41414826024903,4.4222311633450655
TTGTTCAGTGTGCTAC-1,11.820286970671258,11.269481244979122
TTGTTGTGTGTCAAGA-1,-9.232632489519599,-23.873178913515307
